path,bytes,sha256
Bolt_Volt_EREV_Data_Guide_20261006.docx,442280,4cfd163ab247856632b9422bf52442109b13a8834aa6ab54d4d9590c430d4221
Bolt_Volt_EREV_Input_Data_20261006.xlsx,144413,afee3734983fb32d3918df533f585f7473df8b695247e770566dd2054a96ed89
README_가상EREV.md,8524,d8d069c63a0383fd00c7adf7e3f71544b10f47d986a503a2b0dada83fc330866
checkpoints/VGEN_02.json,852,ff5e896fef44bc7180c893cce4eefe353ca48e45e80c1e02731cb7f046c276c1
inputs/CRUISE_field_mapping.csv,1497,12dcb4426de55f10fc71702f17a939f71194fff2b7614cbe7428e79185897d81
inputs/L3A_CRUISE_PREVIEW_assumed_axes.csv,14760,1bd6d7a0d58446e759a7736dc4e7d901b53af5b172d2830a9e3176e91279c0ee
inputs/L3A_FullLoad_CRUISE_PREVIEW.csv,1234,51056705c81d879a10fca06038492c2a60330683d41c5235f99a3e1d41c1fbd5
inputs/L3A_axis_calibration.csv,88,195f8ee8a3571e183b88ef1c5fbfc3b06185c95ffbf07aa16bd6a780c01cfaf4
inputs/L3A_contour_vertices.csv,481217,a007cd21ec8815e48c440c2c43952e70be83d6b390ab2327ac28646bf36759f3
inputs/L3A_full_load_source_and_cap.csv,2191,80af51deca45a2cb32c702bbea401977f79f2ebe8e1ff55d35472571199841c6
inputs/L3A_rejected_grid_points.csv,3838,223e43d0cd326462fa83efdbcb3292e721afdbcafd6bf488343df8c888b48fdb
inputs/L3A_warm_core_physical.csv,33730,96b50e83c5506626737884929cd894766509d0d47c2369e1ea5298033e287891
inputs/MGA_CRUISE_PREVIEW_assumed_axes.csv,42660,95a4276feaf9f4e1f9adbc45f864569b75f851a3f8ed6a09d5d0436acd4885e0
inputs/MGA_FullLoad_CRUISE_PREVIEW.csv,5520,8b716b46da6ebca8d86ead55d5b8847c504b7448944b983deb9bda4550cf290b
inputs/MGA_axis_calibration.csv,86,232d84cda47ab6b714e08186481648f1bd5c8feeffbf235a325630001b491e12
inputs/MGA_contour_vertices.csv,440759,a6bf1ba2f4df4a39f9cfe173971d0c4602499c878836a2ddffa3eeeb1731c47b
inputs/MGA_full_load_source_and_cap.csv,4128,f0e0f71036f01d6a7d19452e4321f2a801f1413fc49d62021c4d0269ae8d92eb
inputs/MGA_rejected_grid_points.csv,17399,5b91362fdd321a2049eedf647eb530e7467ebda2357a3cde21ec3cdb76498728
inputs/MGA_warm_core_physical.csv,16411,920f65f8652d41e1d6a8b682e665dad595f1fd3334e00e9f5cd3268bb7058798
inputs/MGB_CRUISE_PREVIEW_assumed_axes.csv,45875,7114ab1f0ae20047f046a6bbc7d3d1d5843fc16e21ee94891b732addfcfcc71b
inputs/MGB_FullLoad_CRUISE_PREVIEW.csv,5528,98b1f31204635246c065604efcf300a3b94e94e72989741479b2adc72b2cdcaf
inputs/MGB_axis_calibration.csv,87,6853765878d2f6e5ed51d65a823102787505a4d4cb98d5d027c80cfb1b9fbd5f
inputs/MGB_contour_vertices.csv,347454,1e8c155d263379dc3cc397686b2c80b679c362c5b273d5ac4f88ef565121c46a
inputs/MGB_full_load_source_and_cap.csv,4136,72875e4027829d8a5ec2fb0a69f7d0718e38523e97446eec42e6d4768cdc7054
inputs/MGB_rejected_grid_points.csv,25938,37964660e5da496a74028696b7539568967357206019e74eb3673a277204dbea
inputs/MGB_warm_core_physical.csv,17771,2d89d6a53243e450cb509c4217e321ce27ddf968e4a9a5a65511dd5672455108
inputs/component_parameters.csv,3132,479a7a7107b1d0ed539e21eae10e8854c3dde022e0a072244411b3f020912434
inputs/contour_legend.csv,3148,80de23be7a7cb5514fd4515059ae755e900cfee3003e5bd53d66ce789baee6e4
inputs/genset_peak_sweep.csv,2664,be3b32d0cd77a90ef6cdbb39967a18a28a21847c028d9b56c34e03c64b7e5ca2
inputs/genset_target_candidates.csv,14794,d685b2b50c7a23d938f905a510c49ab6a5af43e7d23040c841752eada785719f
inputs/source_register.csv,2977,723a641908cb96ad556148b439a7dd78dc4cf8574a08e547e1584e1fd2715b3c
results/audit.json,2244,a4204aff6ed4473baec513772a58a5c2c5130a32632115cf26ccac00db574b01
results/map_reconstruction_audit.png,410744,f158139305c24984b37d1a6fbafbc6e43317d801aa8fb2ff92c34a33e1bea498
results/mdpi_map_page.png,336230,02ef99f8b1a9dfbfc33af4c47ea6e66114c7c7899eb9a5687d2b890cc03b06c5
results/quality_checks.json,494,f30e01a87d2d2e30ac0d5d72a7dbfb27dd282376b30d7209ebb481759197a139
scripts/build_deliverables.py,25248,2e8cdb89e58aad2f96476a7f3b8d4702da7d616af1ecd092e52da0b9a053f3bf
scripts/reconstruct_maps.py,8895,ff8403ede6c9ac2a12f4ba86b8af12be5bb2aff0356b57e4fe946831e58452d8
sources/ANL_Voltec_Control_EVS30_2017.pdf,6207902,02209e640726c22dc66739a3d872b3231511979ac19b24c507bbd404c983df54
sources/GM_ServiceManual_5ET50.html,6278,85aa0ec3bc04415bef6fbcdd0c4de2339f910c7472a9a6ea9837d2b33cd552b6
sources/GM_Volt2016_DriveUnit.pdf,4141958,995852b06d533aec7a1271e758ff8fc347d457d2988c35b4aae28994e381266a
sources/GM_Voltec_Machines_2015_author_page.html,475469,1451800ff715a50a033b882eeb8055943c3e39bad01fc3fe362de0e1a02b6571
sources/GM_Voltec_System_2015_author_page.html,487931,8407126f6e25006cd95ea06ae460642fdbde7e679d02c33e427184bd947864d9
sources/MDPI_PowerLosses_2021.pdf,10772913,6cedfa864498ffe3b5e0e994ef74d549fa8fca18c309e8db44315bdba4be8dd4
sources/MDPI_PowerLosses_2021_page.html,665505,e196429b20315d711149ff1fb1d4599f9afe92e8c521511c68eec4ea72541f75
sources/MDPI_PowerLosses_2021_pdftext.txt,81948,e269e9dee81e941c5664166412b5477999f6fa1f0e79ea554f7e10787e7eab00
sources/MDPI_PowerLosses_2021_text.txt,90987,e7961ee505cebb898293c7bc4e3888cc09d4a6697e630a435af06198066c6dd5
sources/MDPI_PowerLosses_2021_vor.pdf,2078837,c64b8ddc4219d275d96064b0f9d707c541434e80530b094e37eccf086a35cc09
sources/MTU_Volt_Gen2_Controller_2019.pdf,1941615,6d27b0376bea4cfb4cfec603c559e5e2dc18083f2f616d8ca255b52e3f7eb967
sources/Powertrain_Dynamics_2021.pdf,5740978,331c00c93eaec1667729452c1e6876404d2cd979fd2d9e7b32ca6e577861ea2d
sources/Powertrain_Dynamics_2021_text.txt,118304,d26f9d9b68f8ecf664f5bc040fa809fbabbc7313a90cc719e9ee7a7f0c928636
sources/Volt_Gen2_Figure4.png,222793,6163f5f19f953498b3d0ea675fc3e721a015a8581dd9935a102792bfa32ed3b0
sources/Volt_Gen2_Figure5.png,379481,a6615e1270ba4f0e176d65d68a8f64e12b9078134f750b7775da2054aa9b0115
sources/download_ledger.json,782,4be6d81df678c5d0786631fe50f9a8422878e6562821b513134260954a734b71
sources/download_ledger_02.json,1417,4659662b59e3f6346d6d31eac1273cf9527e510252a2996e31a2acf7d2841003
sources/download_ledger_03.json,546,6a77763018e43cac3c5933696dda53445ad7d269cdb7b347d77ab1f6e6da0287
sources/download_ledger_04.json,588,d8cb6e47724ccbb1efd0f805a29f44313625cae3a9b8ad0d1e13fdb79ff9ead8
sources/download_ledger_05.json,500,e833d504057736f15b38b06aa36d4e211eb41abc21189431de37edae5d52f1aa
