component,color_rgb,efficiency_pct,pdf_page,provenance
L3A,"(0.0, 0.3176, 1.0)",16.0,8,label-calibrated vector contour; not OEM raw measurement
L3A,"(0.0, 0.5999, 1.0)",18.0,8,label-calibrated vector contour; not OEM raw measurement
L3A,"(0.0, 0.9176, 1.0)",20.0,8,label-calibrated vector contour; not OEM raw measurement
L3A,"(0.2392, 1.0, 0.7568)",22.0,8,label-calibrated vector contour; not OEM raw measurement
L3A,"(0.5999, 1.0, 0.3999)",24.0,8,label-calibrated vector contour; not OEM raw measurement
L3A,"(0.9176, 1.0, 0.0784)",26.0,8,label-calibrated vector contour; not OEM raw measurement
L3A,"(1.0, 0.7568, 0.0)",28.000000000000004,8,label-calibrated vector contour; not OEM raw measurement
L3A,"(1.0, 0.4392, 0.0)",30.0,8,label-calibrated vector contour; not OEM raw measurement
L3A,"(1.0, 0.1176, 0.0)",32.0,8,label-calibrated vector contour; not OEM raw measurement
L3A,"(0.7999, 0.0, 0.0)",34.0,8,label-calibrated vector contour; not OEM raw measurement
L3A,"(0.5176, 0.0, 0.0)",36.0,8,label-calibrated vector contour; not OEM raw measurement
MGA,"(0.0, 0.0, 0.7176)",25.0,8,label-calibrated vector contour; not OEM raw measurement
MGA,"(0.0, 0.3999, 1.0)",40.0,8,label-calibrated vector contour; not OEM raw measurement
MGA,"(0.0235, 1.0, 0.9725)",60.0,8,label-calibrated vector contour; not OEM raw measurement
MGA,"(0.5843, 1.0, 0.4117)",70.0,8,label-calibrated vector contour; not OEM raw measurement
MGA,"(1.0, 0.7058, 0.0)",80.0,8,label-calibrated vector contour; not OEM raw measurement
MGA,"(1.0, 0.5294, 0.0)",82.5,8,label-calibrated vector contour; not OEM raw measurement
MGA,"(1.0, 0.4117, 0.0)",85.0,8,label-calibrated vector contour; not OEM raw measurement
MGA,"(1.0, 0.2352, 0.0)",87.5,8,label-calibrated vector contour; not OEM raw measurement
MGA,"(1.0, 0.0588, 0.0)",90.0,8,label-calibrated vector contour; not OEM raw measurement
MGA,"(1.0, 0.0, 0.0)",91.0,8,label-calibrated vector contour; not OEM raw measurement
MGA,"(0.8784, 0.0, 0.0)",92.0,8,label-calibrated vector contour; not OEM raw measurement
MGA,"(0.7568, 0.0, 0.0)",93.0,8,label-calibrated vector contour; not OEM raw measurement
MGA,"(0.6392, 0.0, 0.0)",94.0,8,label-calibrated vector contour; not OEM raw measurement
MGB,"(0.0, 0.0, 0.8784)",30.0,8,label-calibrated vector contour; not OEM raw measurement
MGB,"(0.6078, 1.0, 0.3882)",60.0,8,label-calibrated vector contour; not OEM raw measurement
MGB,"(0.9725, 1.0, 0.0235)",75.0,8,label-calibrated vector contour; not OEM raw measurement
MGB,"(1.0, 0.6862, 0.0)",80.0,8,label-calibrated vector contour; not OEM raw measurement
MGB,"(1.0, 0.1843, 0.0)",87.5,8,label-calibrated vector contour; not OEM raw measurement
MGB,"(0.9019, 0.0, 0.0)",92.0,8,label-calibrated vector contour; not OEM raw measurement
MGB,"(0.8078, 0.0, 0.0)",93.0,8,label-calibrated vector contour; not OEM raw measurement
MGB,"(0.7098, 0.0, 0.0)",94.0,8,label-calibrated vector contour; not OEM raw measurement
MGB,"(0.6156, 0.0, 0.0)",95.0,8,label-calibrated vector contour; not OEM raw measurement
MGB,"(0.5176, 0.0, 0.0)",96.0,8,label-calibrated vector contour; not OEM raw measurement
