generator,ratio_generator_over_engine,engine_rpm,engine_torque_Nm,generator_rpm,generator_torque_Nm,engine_shaft_kW,generator_efficiency_pct,engine_efficiency_pct,net_bus_kW,fuel_g_s,net_fuel_g_kWh
MGA,0.45,5800.0,51.0,2610.0,-111.06666666666666,30.97610356439536,71.64453884426901,24.91366811294899,20.38757903996453,2.8914830936643514,510.572595048528
MGA,0.5,5800.0,56.0,2900.0,-109.75999999999999,34.012976462865495,71.85795223993145,25.72305373668055,22.503700384972532,3.0750604524719782,491.9287690255406
MGA,0.6,5800.0,67.0,3480.0,-109.43333333333334,40.694096839499785,71.23208994622861,26.61872246278445,26.782573132457703,3.5552958878014116,477.88780909082783
MGA,0.75,5800.0,73.0,4350.0,-95.38666666666666,44.33834431766395,76.56928911315062,26.927271010161526,31.453049615279625,3.829293678026959,438.28682463274384
MGA,1.0,4700.0,86.0,4700.0,-84.28,42.32772501936648,82.77327961152704,32.281922590273034,32.475646379520505,3.049278416959603,338.01951692567513
MGA,1.25,3750.0,108.0,4687.5,-84.672,42.411500823462205,82.54546881384427,34.33113157731069,32.449976311016805,2.8729433820658183,318.72430587647676
MGA,1.5,3200.0,121.0,4800.0,-79.05333333333333,40.547489182332264,85.11697108101471,34.76914186560459,31.98316621413167,2.7120740234265908,305.26891612193685
MGA,2.0,2700.0,123.0,5400.0,-60.269999999999996,34.77743067523901,91.68929587031343,34.235835196037954,29.511959949557287,2.362371044645337,288.17251633776334
MGB,0.45,5800.0,113.0,2610.0,-246.08888888888887,68.63332750542502,87.25404608551331,24.84496930245768,55.863617242320764,6.424334343279348,414.00118319378726
MGB,0.5,5800.0,117.0,2900.0,-229.32,71.06282582420113,87.93770022194825,24.0,58.31604314755243,6.88593273490321,425.0864171790432
MGB,0.6,5300.0,127.0,3180.0,-207.43333333333334,70.48686717104299,89.59656807856841,25.16755261942616,58.93986444167857,6.513265289962067,397.82505891348234
MGB,0.75,5750.0,119.0,4312.5,-155.49333333333334,71.65449244062721,90.5349896273972,24.031944337135634,60.55737194642482,6.934035472759759,412.21286359684683
MGB,1.0,5000.0,133.0,5000.0,-130.34,69.63863715457374,89.59888783403007,25.755010223710578,58.226093099394085,6.288109286597382,388.78090949890884
MGB,1.25,4850.0,132.0,6062.5,-103.48799999999999,67.04158722760619,87.29322290263543,26.02954738648365,54.58115557800936,5.9897571654333435,395.0653951388266
MGB,1.5,4650.0,133.0,6975.0,-86.89333333333333,64.76393255375358,84.05623388255346,26.87311072486719,50.7367255039487,5.604628291032377,397.6737096710402
MGB,2.0,4400.0,131.0,8800.0,-64.19,60.36046685097189,78.88736402786034,27.000413664464794,44.31653354403029,5.198926967105522,422.3285438827166
