target_net_kW,status,generator,ratio_generator_over_engine,engine_rpm,engine_torque_Nm,generator_rpm,generator_torque_Nm,engine_shaft_kW,generator_efficiency_pct,engine_efficiency_pct,net_bus_kW,fuel_g_s,net_fuel_g_kWh
20,candidate_within_reconstructed_warm_core,MGA,0.45,5700.0,51.0,2565.0,-111.06666666666666,30.442032813285095,71.68712374157103,25.166755424634047,20.0396497055077,2.8130533297859186,505.3477548784699
26,NOT_FOUND_in_this_sweep,MGA,0.45,,,,,,,,,,
30,NOT_FOUND_in_this_sweep,MGA,0.45,,,,,,,,,,
35,NOT_FOUND_in_this_sweep,MGA,0.45,,,,,,,,,,
40,NOT_FOUND_in_this_sweep,MGA,0.45,,,,,,,,,,
45,NOT_FOUND_in_this_sweep,MGA,0.45,,,,,,,,,,
65,NOT_FOUND_in_this_sweep,MGA,0.45,,,,,,,,,,
20,candidate_within_reconstructed_warm_core,MGA,0.5,5400.0,50.0,2700.0,-98.0,28.274333882308138,76.47185982880106,25.620149666989928,19.850367751062546,2.5665058829573355,465.45340088985716
26,NOT_FOUND_in_this_sweep,MGA,0.5,,,,,,,,,,
30,NOT_FOUND_in_this_sweep,MGA,0.5,,,,,,,,,,
35,NOT_FOUND_in_this_sweep,MGA,0.5,,,,,,,,,,
40,NOT_FOUND_in_this_sweep,MGA,0.5,,,,,,,,,,
45,NOT_FOUND_in_this_sweep,MGA,0.5,,,,,,,,,,
65,NOT_FOUND_in_this_sweep,MGA,0.5,,,,,,,,,,
20,candidate_within_reconstructed_warm_core,MGA,0.6,4400.0,63.0,2640.0,-102.9,29.028316119169688,74.65218973672634,30.511422218319957,19.895888175222698,2.212539009883065,400.34103355578793
26,candidate_within_reconstructed_warm_core,MGA,0.6,5750.0,62.0,3450.0,-101.26666666666667,37.33259270015871,75.0890497588797,26.499475584027323,25.88414272778575,3.276290609915166,455.6707293625546
30,NOT_FOUND_in_this_sweep,MGA,0.6,,,,,,,,,,
35,NOT_FOUND_in_this_sweep,MGA,0.6,,,,,,,,,,
40,NOT_FOUND_in_this_sweep,MGA,0.6,,,,,,,,,,
45,NOT_FOUND_in_this_sweep,MGA,0.6,,,,,,,,,,
65,NOT_FOUND_in_this_sweep,MGA,0.6,,,,,,,,,,
20,candidate_within_reconstructed_warm_core,MGA,0.75,3950.0,64.0,2962.5,-83.62666666666667,26.473154094249992,82.36560089876671,32.15503308188127,20.022477388546665,1.9146450411360831,344.249216234985
26,candidate_within_reconstructed_warm_core,MGA,0.75,4800.0,66.0,3600.0,-86.24,33.17521842190821,84.48417685461129,29.866176598304317,25.879550741022946,2.5832456489594358,359.34489084899695
30,candidate_within_reconstructed_warm_core,MGA,0.75,5550.0,64.0,4162.5,-83.62666666666667,37.19645701850315,87.20578672064669,27.27557115643391,30.029880652547728,3.171460202208038,380.1965402410049
35,NOT_FOUND_in_this_sweep,MGA,0.75,,,,,,,,,,
40,NOT_FOUND_in_this_sweep,MGA,0.75,,,,,,,,,,
45,NOT_FOUND_in_this_sweep,MGA,0.75,,,,,,,,,,
65,NOT_FOUND_in_this_sweep,MGA,0.75,,,,,,,,,,
20,candidate_within_reconstructed_warm_core,MGA,1.0,3400.0,68.0,3400.0,-66.64,24.21120738366534,89.62095279933307,34.17996784388892,19.922280248147377,1.6473138215796006,297.67324241099556
26,candidate_within_reconstructed_warm_core,MGA,1.0,3850.0,78.0,3850.0,-76.44,31.447342462433827,89.84876815195084,33.61111814955686,26.0934268492651,2.175867944600463,300.1953191434601
30,candidate_within_reconstructed_warm_core,MGA,1.0,4150.0,85.0,4150.0,-83.3,36.93989361845998,87.5,33.26398647979966,29.92159081022739,2.582574683206556,310.72107490908326
35,NOT_FOUND_in_this_sweep,MGA,1.0,,,,,,,,,,
40,NOT_FOUND_in_this_sweep,MGA,1.0,,,,,,,,,,
45,NOT_FOUND_in_this_sweep,MGA,1.0,,,,,,,,,,
65,NOT_FOUND_in_this_sweep,MGA,1.0,,,,,,,,,,
20,candidate_within_reconstructed_warm_core,MGA,1.25,2850.0,81.0,3562.5,-63.504,24.17455546937346,90.31584343864938,35.99592397059468,20.049471926300548,1.5618406263534121,280.4376232720933
26,candidate_within_reconstructed_warm_core,MGA,1.25,3150.0,95.0,3937.5,-74.47999999999999,31.337386719558186,90.0,36.0,26.045047913218966,2.0243789870515627,279.81382018064085
30,candidate_within_reconstructed_warm_core,MGA,1.25,3500.0,99.0,4375.0,-77.616,36.28539514896211,89.31462161781086,35.22627471528037,30.00230410778237,2.3955028047488387,287.43826027877867
35,NOT_FOUND_in_this_sweep,MGA,1.25,,,,,,,,,,
40,NOT_FOUND_in_this_sweep,MGA,1.25,,,,,,,,,,
45,NOT_FOUND_in_this_sweep,MGA,1.25,,,,,,,,,,
65,NOT_FOUND_in_this_sweep,MGA,1.25,,,,,,,,,,
20,candidate_within_reconstructed_warm_core,MGA,1.5,2800.0,81.0,4200.0,-52.919999999999995,23.750440461138837,91.91859776204691,35.99199161620174,20.04723016176368,1.5346075609470144,275.5785799250394
26,candidate_within_reconstructed_warm_core,MGA,1.5,3200.0,91.0,4800.0,-59.453333333333326,30.494392690844926,91.90058342941747,36.0,25.876458541932475,1.9699220084525146,274.06065706159177
30,candidate_within_reconstructed_warm_core,MGA,1.5,3000.0,115.0,4500.0,-75.13333333333334,36.12831551628262,89.33387943507086,35.65423090827771,29.876807868107317,2.3565040184460444,283.94648129265425
35,NOT_FOUND_in_this_sweep,MGA,1.5,,,,,,,,,,
40,NOT_FOUND_in_this_sweep,MGA,1.5,,,,,,,,,,
45,NOT_FOUND_in_this_sweep,MGA,1.5,,,,,,,,,,
65,NOT_FOUND_in_this_sweep,MGA,1.5,,,,,,,,,,
20,candidate_within_reconstructed_warm_core,MGA,2.0,2750.0,81.0,5500.0,-39.69,23.326325452904214,93.23942051315139,35.98354618935433,19.97029604071137,1.5075575989554646,271.7639911384282
26,candidate_within_reconstructed_warm_core,MGA,2.0,2950.0,98.0,5900.0,-48.019999999999996,30.27448120509364,93.0,36.0,25.999512548377574,1.9557158401223282,270.79650094746603
30,NOT_FOUND_in_this_sweep,MGA,2.0,,,,,,,,,,
35,NOT_FOUND_in_this_sweep,MGA,2.0,,,,,,,,,,
40,NOT_FOUND_in_this_sweep,MGA,2.0,,,,,,,,,,
45,NOT_FOUND_in_this_sweep,MGA,2.0,,,,,,,,,,
65,NOT_FOUND_in_this_sweep,MGA,2.0,,,,,,,,,,
20,candidate_within_reconstructed_warm_core,MGB,0.45,3100.0,76.0,1395.0,-165.51111111111112,24.671974306191842,88.73666561830329,35.41304264229191,20.105598661139098,1.6202133494308213,290.1066591578177
26,candidate_within_reconstructed_warm_core,MGB,0.45,3550.0,85.0,1597.5,-185.11111111111111,31.599186107357337,88.65831849399248,34.826630947939684,25.867782882952273,2.1100656974051364,293.6562652095191
30,candidate_within_reconstructed_warm_core,MGB,0.45,4150.0,81.0,1867.5,-176.39999999999998,35.201545683473626,91.94784558501466,32.96963948754403,29.96362063540335,2.4830134936700405,298.32337974038086
35,candidate_within_reconstructed_warm_core,MGB,0.45,4500.0,87.0,2025.0,-189.46666666666667,40.9977841293468,91.78133035067486,32.700263992424325,34.91546593445194,2.9156854526870184,300.6251627682318
40,candidate_within_reconstructed_warm_core,MGB,0.45,4900.0,91.0,2205.0,-198.17777777777775,46.69453880785629,91.99603115247926,32.13298113434483,39.93090001007314,3.379454594079914,304.67724332831557
45,candidate_within_reconstructed_warm_core,MGB,0.45,5050.0,102.0,2272.5,-222.13333333333333,53.94114586213675,89.58174742136671,32.0,44.979734913748274,3.920141414399473,313.7526070106862
65,NOT_FOUND_in_this_sweep,MGB,0.45,,,,,,,,,,
20,candidate_within_reconstructed_warm_core,MGB,0.5,3050.0,74.0,1525.0,-145.04,23.63524873050721,92.0,35.253940300014406,19.965682461310458,1.559136205892064,281.1268962174522
26,candidate_within_reconstructed_warm_core,MGB,0.5,3450.0,85.0,1725.0,-166.6,30.709068188840227,91.62835222546357,35.14841219297144,25.98346112540756,2.031853878814664,281.51268718316516
30,candidate_within_reconstructed_warm_core,MGB,0.5,3700.0,91.0,1850.0,-178.35999999999999,35.25914154878945,91.60432575512378,34.51503262435465,29.899465237312803,2.375718559917458,286.04480875563337
35,candidate_within_reconstructed_warm_core,MGB,0.5,4100.0,95.0,2050.0,-186.2,40.78834461910748,92.09839321379198,33.58141248005083,34.85626338067517,2.824676164221,291.7362105093959
40,candidate_within_reconstructed_warm_core,MGB,0.5,4450.0,100.0,2225.0,-196.0,46.6002910282486,92.08068704475298,33.00727179362751,39.886424617873,3.2832998289200948,296.33840328761596
45,candidate_within_reconstructed_warm_core,MGB,0.5,4850.0,103.0,2425.0,-201.88,52.312753670026034,92.2188995095807,32.32451280508281,44.905215750315726,3.763631873064126,301.7260805151702
65,NOT_FOUND_in_this_sweep,MGB,0.5,,,,,,,,,,
20,candidate_within_reconstructed_warm_core,MGB,0.6,2750.0,81.0,1650.0,-132.3,23.326325452904214,92.86881624837076,35.98354618935433,19.888931538741524,1.5075575989554646,272.87576236400884
26,candidate_within_reconstructed_warm_core,MGB,0.6,3200.0,90.0,1920.0,-147.0,30.159289474462014,93.0,35.98916163124872,25.8986842405145,1.948861249322614,270.89795112394614
30,candidate_within_reconstructed_warm_core,MGB,0.6,3300.0,101.0,1980.0,-164.96666666666667,34.9030943813826,92.54439280778296,35.93751680620608,29.901307981660786,2.2586420584137468,271.93162972256937
35,candidate_within_reconstructed_warm_core,MGB,0.6,3450.0,113.0,2070.0,-184.56666666666666,40.824996533399364,92.18392358204822,35.33650903816769,34.920898417978556,2.6867920739059334,276.98174744214566
40,candidate_within_reconstructed_warm_core,MGB,0.6,3850.0,115.0,2310.0,-187.83333333333334,46.364671579229366,92.51472624359953,33.8846924161832,39.8716298717424,3.182109971717438,287.3119542650431
45,candidate_within_reconstructed_warm_core,MGB,0.6,4650.0,106.0,2790.0,-173.13333333333333,51.6163672984803,93.47443309082378,32.622923873144025,44.91073205467539,3.6795617692519618,294.9500434145797
65,NOT_FOUND_in_this_sweep,MGB,0.6,,,,,,,,,,
20,candidate_within_reconstructed_warm_core,MGB,0.75,2700.0,82.0,2025.0,-107.14666666666666,23.184953783492674,94.55455354859919,35.99072133350548,20.13321530401691,1.4981221596333467,267.87771815086126
26,candidate_within_reconstructed_warm_core,MGB,0.75,3150.0,90.0,2362.5,-117.60000000000001,29.688050576423542,94.7666716597378,36.0,25.979850945095045,1.9178327245751643,265.75201771025144
30,candidate_within_reconstructed_warm_core,MGB,0.75,3250.0,101.0,2437.5,-131.97333333333333,34.37425961802832,94.42905822528205,36.0,30.050423724702544,2.220559406849375,266.020004838946
35,candidate_within_reconstructed_warm_core,MGB,0.75,3400.0,113.0,2550.0,-147.65333333333334,40.23332991697328,94.13572776513801,35.475705898364275,35.146647380204705,2.6374636151259505,270.1500632973921
40,candidate_within_reconstructed_warm_core,MGB,0.75,3800.0,115.0,2850.0,-150.26666666666668,45.76253298729132,94.0231872896645,34.020148893870925,39.99703722456946,3.1282783520813924,281.56590710111624
45,candidate_within_reconstructed_warm_core,MGB,0.75,4400.0,111.0,3300.0,-145.04,51.145128400441834,94.22822398421077,32.76679424095721,44.85900360761594,3.6299602028849662,291.3095628402964
65,NOT_FOUND_in_this_sweep,MGB,0.75,,,,,,,,,,
20,candidate_within_reconstructed_warm_core,MGB,1.0,2600.0,84.0,2600.0,-82.32,22.870794518133696,95.76168194018287,35.9899193946181,20.113476590773438,1.4778553306838351,264.5131569597646
26,candidate_within_reconstructed_warm_core,MGB,1.0,3150.0,89.0,3150.0,-87.22,29.35818334779662,96.0,36.0,26.026419809420215,1.8965234720798851,262.32899298029423
30,candidate_within_reconstructed_warm_core,MGB,1.0,3250.0,100.0,3250.0,-98.0,34.033920413889426,95.63542522503663,36.0,30.13437323159349,2.198573670147896,262.6523920608483
35,candidate_within_reconstructed_warm_core,MGB,1.0,3300.0,115.0,3300.0,-112.7,39.74114706791088,95.11223726159977,35.66459257645033,35.07582848768487,2.59140131918911,265.96790870830677
40,candidate_within_reconstructed_warm_core,MGB,1.0,3700.0,117.0,3700.0,-114.66,45.33318199130072,94.78459747913877,34.13776169760514,39.94196052834075,3.0882518181714245,278.34654078956834
45,candidate_within_reconstructed_warm_core,MGB,1.0,4150.0,118.0,4150.0,-115.64,51.28126408209739,93.99733081236332,32.69450103125901,44.86829627654735,3.647670094896805,292.67017986801494
65,NOT_FOUND_in_this_sweep,MGB,1.0,,,,,,,,,,
20,candidate_within_reconstructed_warm_core,MGB,1.25,2450.0,89.0,3062.5,-69.776,22.834142603841812,96.0,36.0,20.131659851771275,1.4750738116176882,263.7768450750203
26,candidate_within_reconstructed_warm_core,MGB,1.25,2900.0,97.0,3625.0,-76.048,29.457667115160294,96.0,36.0,26.11630780235387,1.9029500720387789,262.3119742340514
30,candidate_within_reconstructed_warm_core,MGB,1.25,2950.0,110.0,3687.5,-86.24,33.981560536329596,95.64682609027506,36.0,30.090889785065883,2.195191249116899,262.6272786636885
35,candidate_within_reconstructed_warm_core,MGB,1.25,3300.0,115.0,4125.0,-90.16,39.74114706791088,95.00237396728177,35.66459257645033,35.03473516648584,2.59140131918911,266.27987066975015
40,candidate_within_reconstructed_warm_core,MGB,1.25,3700.0,118.0,4625.0,-92.512,45.720645085243454,94.07613654519994,34.003494741013554,39.98275407182318,3.1269456978885843,281.5465010783734
45,candidate_within_reconstructed_warm_core,MGB,1.25,4200.0,118.0,5250.0,-92.512,51.89911063730338,92.90235705267409,32.608895962824555,44.880040119653295,3.701309184796121,296.8961932685761
65,NOT_FOUND_in_this_sweep,MGB,1.25,,,,,,,,,,
20,candidate_within_reconstructed_warm_core,MGB,1.5,2450.0,89.0,3675.0,-58.14666666666667,22.834142603841812,96.0,36.0,20.131659851771275,1.4750738116176882,263.7768450750203
26,candidate_within_reconstructed_warm_core,MGB,1.5,2700.0,104.0,4050.0,-67.94666666666667,29.405307237600464,95.77933362896883,36.0,26.007926619431064,1.8995676510077821,262.9368978040284
30,candidate_within_reconstructed_warm_core,MGB,1.5,2950.0,110.0,4425.0,-71.86666666666666,33.981560536329596,95.11544225877486,36.0,29.92093637534536,2.195191249116899,264.11902347189226
35,candidate_within_reconstructed_warm_core,MGB,1.5,3300.0,116.0,4950.0,-75.78666666666666,40.08672225980576,94.09438868427365,35.52742834225266,35.00115635134594,2.6240271203938574,269.8910155593939
40,candidate_within_reconstructed_warm_core,MGB,1.5,3750.0,118.0,5625.0,-77.09333333333333,46.33849164044945,92.7951432091766,34.0,39.97113334266079,3.169527471986966,285.46348189169254
45,candidate_within_reconstructed_warm_core,MGB,1.5,4150.0,123.0,6225.0,-80.36,53.45419900083033,90.59976099176001,32.02213562861816,45.081341759552814,3.8820674592517745,310.0050332983927
65,NOT_FOUND_in_this_sweep,MGB,1.5,,,,,,,,,,
20,candidate_within_reconstructed_warm_core,MGB,2.0,2250.0,97.0,4500.0,-47.53,22.855086554865746,95.4230225622404,35.99999999999999,20.026469881041614,1.4764267800300872,265.405557728373
26,candidate_within_reconstructed_warm_core,MGB,2.0,2700.0,106.0,5400.0,-51.94,29.970793915246624,93.92276141612605,35.99372460122016,25.99398750926189,1.9364353510325223,268.18383525164006
30,candidate_within_reconstructed_warm_core,MGB,2.0,3000.0,111.0,6000.0,-54.39,34.8716784548467,92.66056551280234,36.0,29.912073047459383,2.252692406643844,271.11770725655686
35,candidate_within_reconstructed_warm_core,MGB,2.0,3300.0,120.0,6600.0,-58.8,41.46902302738527,90.60572089214402,34.86464116981401,34.86369620749311,2.766114470131923,285.6269752125332
40,candidate_within_reconstructed_warm_core,MGB,2.0,3950.0,125.0,7900.0,-61.25,51.705379090332016,83.43454481352846,32.21096814023029,40.10316188288441,3.733047300175785,335.10999257064645
45,NOT_FOUND_in_this_sweep,MGB,2.0,,,,,,,,,,
65,NOT_FOUND_in_this_sweep,MGB,2.0,,,,,,,,,,
