Speed_rpm,Torque_Nm,FuelConsumption_g_s
1100,20,0.2744937411533679
1100,25,0.3094087570006977
1100,30,0.3401075921655962
1100,35,0.37267641255078104
1100,40,0.4063580902007179
1100,45,0.43868156910349115
1100,50,0.45558495087933754
1100,55,0.47109620871181646
1100,60,0.49417977444502054
1100,65,0.5352870240029174
1100,70,0.5764629156099879
1100,75,0.617638802457601
1100,80,0.6587214417222251
1100,85,0.7115768243959439
1100,90,0.8036632369648308
1100,95,0.916400800919265
1100,100,0.9858223876492389
1100,105,1.0493299012315676
1300,20,0.3185734435466758
1300,25,0.3648959759344241
1300,30,0.39844438134879734
1300,35,0.4353645697473763
1300,40,0.47467521558758385
1300,45,0.5008949093370116
1300,50,0.5224766005555382
1300,55,0.5430365312129807
1300,60,0.5754443169883133
1300,65,0.6055220929363108
1300,70,0.651812429267376
1300,75,0.6983704599293314
1300,80,0.7449284905912871
1300,85,0.7914865212532424
1300,90,0.865570775874035
1300,95,0.9984468452908887
1300,100,1.0823368050533901
1300,105,1.1592744801452688
1300,110,1.2703011084407916
1500,20,0.3661261245158894
1500,25,0.41779641338761275
1500,30,0.4581487328759753
1500,35,0.499984609975413
1500,40,0.5325439642321625
1500,45,0.5640700084238364
1500,50,0.5902868958428952
1500,55,0.62108675396576
1500,60,0.6598370802185526
1500,65,0.6983704599293313
1500,70,0.7520912645392801
1500,75,0.8058120691492286
1500,80,0.8595328737591773
1500,85,0.9132536783691257
1500,90,0.9669744829790743
1500,95,1.055027163120275
1500,100,1.1546822375258834
1500,105,1.250240397980698
1500,110,1.366396094801107
1500,115,1.4700498078819992
1700,20,0.4133766558157951
1700,25,0.4680917847049592
1700,30,0.5170970315128758
1700,35,0.5623369603729521
1700,40,0.6084818963490568
1700,45,0.6272470209692136
1700,50,0.6553822860705574
1700,55,0.6977801843289845
1700,60,0.7426919796814478
1700,65,0.7914865212532424
1700,70,0.8523700998111842
1700,75,0.9132536783691257
1700,80,0.9739906820624363
1700,85,1.028331971750596
1700,90,1.0819914500267946
1700,95,1.1445283519113363
1700,100,1.2359374407928783
1700,105,1.3535014652180763
1700,110,1.471775250943811
1700,115,1.601694462131532
1900,20,0.4624705815812875
1900,25,0.5179140483152558
1900,30,0.5758482960860488
1900,35,0.6237474615644201
1900,40,0.6746781757050706
1900,45,0.7000296982080119
1900,50,0.7335295068227264
1900,55,0.780705154125744
1900,60,0.8292864519933618
1900,65,0.8846025825771534
1900,70,0.9515156047256624
1900,75,1.0130516443697943
1900,80,1.0738163936405716
1900,85,1.133824263212744
1900,90,1.1962376209652028
1900,95,1.255974976640033
1900,100,1.342557304951304
1900,105,1.4477450998039165
1900,110,1.5648094981147809
1900,115,1.6627961010782735
2100,20,0.511640179522461
2100,25,0.5766571863401478
2100,30,0.6398561198777413
2100,35,0.6903544038690844
2100,40,0.7471108798250005
2100,45,0.7804934960107859
2100,50,0.8167662072198423
2100,55,0.8656841276916923
2100,60,0.9196024503282512
2100,65,0.9744008971422233
2100,70,1.0374287469211132
2100,75,1.1046152948458074
2100,80,1.1709709956669536
2100,85,1.2365111663988584
2100,90,1.3052716783719194
2100,95,1.3658335495045717
2100,100,1.4516502553187016
2100,105,1.5505263187955185
2100,110,1.6602318873580497
2100,115,1.7786812478769298
2300,20,0.5629312214949612
2300,25,0.6369548901008812
2300,30,0.7059977748081179
2300,35,0.7654790771371132
2300,40,0.8252908602984632
2300,45,0.8643474184856671
2300,50,0.8886384165365736
2300,55,0.944016462679187
2300,60,1.0043741542735498
2300,65,1.0661380712781952
2300,70,1.1344254360306962
2300,75,1.200150832784631
2300,80,1.2655602819868155
2300,85,1.3365031196517916
2300,90,1.4067370247078923
2300,95,1.4781179905455855
2300,100,1.562691725383301
2300,105,1.6783083405191757
2300,110,1.7922116210626529
2300,115,1.9019778411367378
2300,120,2.0268316796662553
2500,20,0.6119774365385898
2500,25,0.6963375970392541
2500,30,0.7673888856609977
2500,35,0.8310972520746639
2500,40,0.8938209272152973
2500,45,0.9273935787112499
2500,50,0.9541255238041462
2500,55,1.0210448348944832
2500,60,1.0855076257805472
2500,65,1.1544984528091202
2500,70,1.2263243702201165
2500,75,1.2984433179846129
2500,80,1.3695872745108322
2500,85,1.4390192374310358
2500,90,1.5220894639485432
2500,95,1.6066499897234625
2500,100,1.691210515498381
2500,105,1.8043651357636472
2500,110,1.9138376611357883
2500,115,2.0281104344892777
2500,120,2.145542366178305
2700,20,0.6639635955606522
2700,25,0.7534857193622775
2700,30,0.8287799965138775
2700,35,0.8931986330139898
2700,40,0.9606737407148503
2700,45,0.9978594966452908
2700,50,1.0354717343388675
2700,55,1.1028727969683052
2700,60,1.1694582577710644
2700,65,1.244058630550794
2700,70,1.320324298076358
2700,75,1.394414964611613
2700,80,1.4680834108634178
2700,85,1.552531253227514
2700,90,1.643856621064427
2700,95,1.7351819889013393
2700,100,1.826507356738252
2700,105,1.9178327245751643
2700,110,2.031445390874445
2700,115,2.154183979430163
2700,120,2.2830704847100125
2900,20,0.7164850949445211
2900,25,0.804143549414118
2900,30,0.8874369294882142
2900,35,0.9520419631513503
2900,40,1.0259930133571211
2900,45,1.0663562426296798
2900,50,1.1147361262638684
2900,55,1.1858530879784706
2900,60,1.257087337013177
2900,65,1.3364363331183748
2900,70,1.4179389165405294
2900,75,1.497064265454312
2900,80,1.5739380015736728
2900,85,1.667533568281404
2900,90,1.7656237781803104
2900,95,1.8637139880792164
2900,100,1.9618041979781227
2900,105,2.0598944078770285
2900,110,2.157984617775935
2900,115,2.2896177418143493
2900,120,2.429507061616686
3100,20,0.7711570403446637
3100,25,0.862924664623771
3100,30,0.9407065003613339
3100,35,1.0146339147045638
3100,40,1.0978599826476316
3100,45,1.1404349050373133
3100,50,1.1956108320184733
3100,55,1.2703034448395483
3100,60,1.3464041697570768
3100,65,1.430937516189374
3100,70,1.518481292791329
3100,75,1.6035023088324611
3100,80,1.689333149114107
3100,85,1.7829949228480368
3100,90,1.8873909352961935
3100,95,1.9922459872570935
3100,100,2.0971010392179927
3100,105,2.201956091178893
3100,110,2.306811143139792
3100,115,2.4270354205723663
3100,120,2.5925150531765246
3300,20,0.8263185653713077
3300,25,0.9233896511429014
3300,30,1.0045790462060384
3300,35,1.0824187994589782
3300,40,1.1794122125301247
3300,45,1.2412945596782388
3300,50,1.2852690438773762
3300,55,1.3581725030336873
3300,60,1.4411231187000992
3300,65,1.5311878493219309
3300,70,1.6286010557050954
3300,75,1.7245069131392274
3300,80,1.822858658339538
3300,85,1.923749160562505
3300,90,2.023290386233184
3300,95,2.124755721835396
3300,100,2.2362792657561843
3300,105,2.348093229043994
3300,110,2.4600144649322084
3300,115,2.59140131918911
3300,120,2.766114470131923
3500,20,0.8920898459471654
3500,25,0.9938279843982115
3500,30,1.0787668055713104
3500,35,1.1789940520739597
3500,40,1.2750728034576029
3500,45,1.361127280924835
3500,50,1.3958302808562943
3500,55,1.459234438910277
3500,60,1.5531300223154707
3500,65,1.6480684874428981
3500,70,1.746918296096262
3500,75,1.8502870619725882
3500,80,1.960078207600154
3500,85,2.0707799590220386
3500,90,2.1823056195294357
3500,95,2.2987148126377743
3500,100,2.4196998027766043
3500,105,2.5406847929154353
3500,110,2.6618839387480713
3500,115,2.80543684535712
3500,120,2.9899838299988737
3700,20,0.9624718112917824
3700,25,1.0730974130255293
3700,30,1.1615274107436535
3700,35,1.258589475631821
3700,40,1.3579357731942836
3700,45,1.4513631215757297
3700,50,1.501906095845432
3700,55,1.5711055601412651
3700,60,1.6685556481539285
3700,65,1.7738998255417342
3700,70,1.8753876895194683
3700,75,1.986841391269259
3700,80,2.1090732574544697
3700,85,2.2301314081642674
3700,90,2.35003266829277
3700,95,2.4801457493643784
3700,100,2.6106797361730307
3700,105,2.7412137229816818
3700,110,2.8722003402657332
3700,115,3.0149450283566983
3700,120,3.1925902363090986
3900,20,1.036279368835539
3900,25,1.15217156297576
3900,30,1.2455259807019052
3900,35,1.3487558914421547
3900,40,1.4556807457501435
3900,45,1.5534847145215236
3900,50,1.6346071681050927
3900,55,1.6972714724826958
3900,60,1.7947837994890459
3900,65,1.9038995898560214
3900,70,2.012452998005225
3900,75,2.1368588351429025
3900,80,2.2675203116430187
3900,85,2.396836368092896
3900,90,2.5208440780073094
3900,95,2.6608909712299376
3900,100,2.8009378644525658
3900,105,2.9409847576751944
3900,110,3.0919903978022765
3900,115,3.2413245751011432
3900,120,3.435009813461948
3900,125,3.6697322644728265
4100,20,1.1135370428634943
4100,25,1.226007464105243
4100,30,1.333923324646927
4100,35,1.4384996731084592
4100,40,1.5550156058250464
4100,45,1.6784456226589313
4100,50,1.792344237316253
4100,55,1.8302545089047877
4100,60,1.9340720428212703
4100,65,2.042035033106998
4100,70,2.1556080577654226
4100,75,2.2935909617121912
4100,80,2.424101726514269
4100,85,2.5443183157145297
4100,90,2.675974389361603
4100,95,2.824676164221
4100,100,2.973343330758948
4100,105,3.122010497296895
4100,110,3.29328309532972
4100,115,3.476012499505318
4100,120,3.676867685989266
4100,125,4.004009235618826
4300,20,1.1783141087146105
4300,25,1.3016638188278487
4300,30,1.426460218066253
4300,35,1.5317323818502961
4300,40,1.6587556072622636
4300,45,1.7847745461506133
4300,50,1.9095718492644151
4300,55,1.994126856721597
4300,60,2.0704674596676114
4300,65,2.187990155904204
4300,70,2.3035214174150953
4300,75,2.4333094797266295
4300,80,2.5639281436105654
4300,85,2.69864319322802
4300,90,2.838070016874786
4300,95,2.9916931963683937
4300,100,3.1491507330193613
4300,105,3.3073939842871227
4300,110,3.489421875597255
4300,115,3.6901151774010565
4300,120,3.905778815912609
4300,125,4.362726679767454
4300,130,5.005422967984684
4500,20,1.22500379459644
4500,25,1.3755197749090484
4500,30,1.4944151100585696
4500,35,1.6252133823808412
4500,40,1.7623745834685227
4500,45,1.89521157716884
4500,50,2.0267221947486385
4500,55,2.150917576758586
4500,60,2.222772990114162
4500,65,2.336392999218944
4500,70,2.4525459532062324
4500,75,2.568525970413167
4500,80,2.707109566789519
4500,85,2.856502598800377
4500,90,3.003852764004576
4500,95,3.1620386776905813
4500,100,3.3284617659900846
4500,105,3.4976860835571983
4500,110,3.689633347821488
4500,115,3.9023091358689026
4500,120,4.166400153603911
4500,125,4.803739398054749
4500,130,5.2425530127607285
4700,20,1.2938492157236907
4700,25,1.45382410956534
4700,30,1.5846891622960335
4700,35,1.721608677248231
4700,40,1.8646446493813011
4700,45,2.0068936684940626
4700,50,2.1471948671334693
4700,55,2.281427445528237
4700,60,2.3968413990025312
4700,65,2.4861215192995605
4700,70,2.6050296320619686
4700,75,2.716568154136576
4700,80,2.860408820926331
4700,85,3.0180193668970245
4700,90,3.1734498820051544
4700,95,3.335685288462258
4700,100,3.511382218531784
4700,105,3.6920298552447157
4700,110,3.894045692927877
4700,115,4.113446776320938
4700,120,4.434594866529872
4700,125,4.9355030422361486
4700,130,5.381462992953241
4900,20,1.3829550877915175
4900,25,1.5362469466460116
4900,30,1.6757598076535496
4900,35,1.8180220210021936
4900,40,1.9658771197792777
4900,45,2.1212541660111297
4900,50,2.2710745519015485
4900,55,2.4182129544457704
4900,60,2.5583647947914234
4900,65,2.6515039900451685
4900,70,2.7488891952424708
4900,75,2.8622494781121017
4900,80,2.9832953493391443
4900,85,3.1697513086728417
4900,90,3.346994545936208
4900,95,3.5128044031704455
4900,100,3.698103326398038
4900,105,3.89055609322462
4900,110,4.102031105341324
4900,115,4.430911041128193
4900,120,4.762484088334097
4900,125,5.34793910361655
4900,130,5.920292730596767
5100,20,1.4770932075033651
5100,25,1.6231990344153684
5100,30,1.770648767361809
5100,35,1.9164077137372386
5100,40,2.0659092752014274
5100,45,2.234373715779119
5100,50,2.3927492410495197
5100,55,2.5515034268537917
5100,60,2.704487701427399
5100,65,2.830274817227507
5100,70,2.9019038942833437
5100,75,3.0247197627643905
5100,80,3.1516439741266176
5100,85,3.316148281630771
5100,90,3.5112158276090515
5100,95,3.7066968031638106
5100,100,3.904458695139584
5100,105,4.124443469862106
5100,110,4.394914152356666
5100,115,4.713074455826545
5100,120,5.3090213715727
5100,125,5.896431261524199
5100,130,6.319993448119822
5300,20,1.5727788818860045
5300,25,1.716278653196649
5300,30,1.8676735503173394
5300,35,2.015827002829866
5300,40,2.1691916300145824
5300,45,2.343765784438319
5300,50,2.50840232846947
5300,55,2.677687727490304
5300,60,2.845257289541874
5300,65,3.0084897019222856
5300,70,3.1184047155185053
5300,75,3.2268296635709115
5300,80,3.376615131405624
5300,85,3.5615463087490205
5300,90,3.7710490327930803
5300,95,3.982718404308074
5300,100,4.210834506836143
5300,105,4.548500138145252
5300,110,4.736409361341192
5300,115,5.338464543689808
5300,120,5.9336371585845376
5300,125,6.344395683599305
5300,130,6.783001052467178
5500,20,1.667831418521852
5500,25,1.815311210676825
5500,30,1.9734797966836117
5500,35,2.1171343479818345
5500,40,2.280256944010725
5500,45,2.454171701155488
5500,50,2.6275558260072396
5500,55,2.8049414151561303
5500,60,2.9880782817386886
5500,65,3.1653573050435404
5500,70,3.3534399473175216
5500,75,3.5454234940660814
5500,80,3.6679002599566974
5500,85,3.841522094711496
5500,90,4.067493982635702
5500,95,4.276730003506333
5500,100,4.566151162600241
5500,105,4.960422998534135
5500,110,5.361989692493831
5500,115,5.9214403466435925
5500,120,6.352118472122014
5500,125,6.7644105407424995
5700,25,1.915351651017713
5700,30,2.0835655543834393
5700,35,2.2428045714101303
5700,40,2.416060777976351
5700,45,2.5902356489184593
5700,50,2.7776250675155003
5700,55,2.954507997170285
5700,60,3.1464641942746927
5700,65,3.3542112549221037
5700,70,3.577080128475658
5700,75,3.7956950444030446
5700,80,3.9970017978920134
5700,85,4.188532187335204
5700,90,4.3565310603524345
5700,95,4.59333647974347
5700,100,4.882379637998471
5700,105,5.22783329782091
5700,110,5.83094973310648
5700,115,6.41331243350013
5700,120,6.869066046827467
5900,25,2.014278341319898
5900,30,2.200442836144058
5900,35,2.3767935940837424
5900,40,2.5533955787229408
5900,45,2.7409524271902406
5900,50,2.9326110302762345
5900,55,3.12492645127428
5900,60,3.315813355309442
5900,65,3.57346141572437
5900,70,3.8163632593419377
5900,75,4.02593398441276
5900,80,4.261248170394575
5900,85,4.527576181044236
5900,90,4.793904191693898
5900,95,5.056376624603855
5900,100,5.32656021299322
5900,105,5.670254665389706
5900,110,6.235143095000321
5900,115,6.8849180085939095
