Speed_rpm,Torque_Nm
1100,112.66601248949276
1200,114.28700152391592
1300,115.90798887791817
1400,117.52897147722135
1500,119.08874264232553
1600,120.34979451764272
1700,120.34979451764272
1800,120.34979451764272
1900,120.34979451764272
2000,120.94970997952382
2100,123.1216271363449
2200,125.29355467328516
2300,127.41161912518203
2400,129.2040277205596
2500,128.76081498033332
2600,128.3078368108694
2700,127.87442063851154
2800,127.43120790146732
2900,126.96108688089836
3000,126.53256421741771
3100,126.10162199156025
3200,125.61433695092731
3300,125.61433695092731
3400,125.73676310167977
3500,125.8591892524322
3600,125.93509821157888
3700,127.11289152214329
3800,128.4743315224974
3900,129.83577111668563
4000,131.20942226110188
4100,132.61984157845396
4200,133.9812803369242
4300,135.34272387245116
4400,136.71393095933655
4500,137.49017174746754
4600,138.0190497422606
4700,138.5234768073743
4800,138.95198535840765
4900,138.32514874877336
5000,137.6738109735962
5100,137.0102280070104
5200,136.383376047018
5300,135.13155545538282
5400,132.62911924324612
5500,130.21768071155077
5600,127.89236498455878
5700,125.64863928307528
5800,123.48228343336707
5900,121.38936337517441
