Temperature_degC,Voltage_V,Speed_rpm,Torque_Nm,Efficiency_pct
25,360,500,5,76.574408563613
25,360,500,-5,76.574408563613
25,360,500,10,76.17924668980915
25,360,500,-10,76.17924668980915
25,360,500,15,75.10923118064885
25,360,500,-15,75.10923118064885
25,360,500,20,74.34235510677654
25,360,500,-20,74.34235510677654
25,360,500,25,73.73061044051832
25,360,500,-25,73.73061044051832
25,360,500,30,73.1657256933398
25,360,500,-30,73.1657256933398
25,360,500,35,72.5489959973368
25,360,500,-35,72.5489959973368
25,360,500,40,72.06884908098014
25,360,500,-40,72.06884908098014
25,360,500,45,71.40488838835321
25,360,500,-45,71.40488838835321
25,360,500,50,70.97741979214828
25,360,500,-50,70.97741979214828
25,360,500,55,70.61047963104403
25,360,500,-55,70.61047963104403
25,360,500,60,70.3092755762735
25,360,500,-60,70.3092755762735
25,360,500,65,70.0423150336438
25,360,500,-65,70.0423150336438
25,360,500,70,68.71629584231574
25,360,500,-70,68.71629584231574
25,360,500,75,65.34854469957419
25,360,500,-75,65.34854469957419
25,360,500,80,64.02942497882462
25,360,500,-80,64.02942497882462
25,360,500,85,62.844424945646836
25,360,500,-85,62.844424945646836
25,360,500,90,63.38228163194921
25,360,500,-90,63.38228163194921
25,360,500,95,60.0
25,360,500,-95,60.0
25,360,500,100,54.157898051737504
25,360,500,-100,54.157898051737504
25,360,500,105,52.25595190444008
25,360,500,-105,52.25595190444008
25,360,500,110,52.371811608198016
25,360,500,-110,52.371811608198016
25,360,700,5,83.99168526605163
25,360,700,-5,83.99168526605163
25,360,700,10,79.99903999790064
25,360,700,-10,79.99903999790064
25,360,700,15,77.93793326792019
25,360,700,-15,77.93793326792019
25,360,700,20,77.53343082298107
25,360,700,-20,77.53343082298107
25,360,700,25,76.74411616892058
25,360,700,-25,76.74411616892058
25,360,700,30,76.0075393270676
25,360,700,-30,76.0075393270676
25,360,700,35,75.21117278427849
25,360,700,-35,75.21117278427849
25,360,700,40,74.44910740536724
25,360,700,-40,74.44910740536724
25,360,700,45,73.50656620106278
25,360,700,-45,73.50656620106278
25,360,700,50,72.82067054243065
25,360,700,-50,72.82067054243065
25,360,700,55,72.37792343887598
25,360,700,-55,72.37792343887598
25,360,700,60,71.88758355805615
25,360,700,-60,71.88758355805615
25,360,700,65,71.48820162099942
25,360,700,-65,71.48820162099942
25,360,700,70,71.01394940108229
25,360,700,-70,71.01394940108229
25,360,700,75,70.33250732952783
25,360,700,-75,70.33250732952783
25,360,700,80,69.98845013579457
25,360,700,-80,69.98845013579457
25,360,700,85,68.87906739649002
25,360,700,-85,68.87906739649002
25,360,700,90,68.29552158391876
25,360,700,-90,68.29552158391876
25,360,700,95,64.97359638830278
25,360,700,-95,64.97359638830278
25,360,700,100,63.79780814495324
25,360,700,-100,63.79780814495324
25,360,700,105,62.51816985909044
25,360,700,-105,62.51816985909044
25,360,700,110,62.04283803704814
25,360,700,-110,62.04283803704814
25,360,900,5,88.84499066479192
25,360,900,-5,88.84499066479192
25,360,900,10,84.40163062446923
25,360,900,-10,84.40163062446923
25,360,900,15,81.40131251491655
25,360,900,-15,81.40131251491655
25,360,900,20,81.01405463142464
25,360,900,-20,81.01405463142464
25,360,900,25,79.7021568066295
25,360,900,-25,79.7021568066295
25,360,900,30,78.78097566706363
25,360,900,-30,78.78097566706363
25,360,900,35,77.8822277512789
25,360,900,-35,77.8822277512789
25,360,900,40,76.71351600518628
25,360,900,-40,76.71351600518628
25,360,900,45,75.60824401377234
25,360,900,-45,75.60824401377234
25,360,900,50,74.68197943024725
25,360,900,-50,74.68197943024725
25,360,900,55,74.01959890139388
25,360,900,-55,74.01959890139388
25,360,900,60,73.46589153983881
25,360,900,-60,73.46589153983881
25,360,900,65,72.93575082546349
25,360,900,-65,72.93575082546349
25,360,900,70,72.35314115965946
25,360,900,-70,72.35314115965946
25,360,900,75,71.63365547093451
25,360,900,-75,71.63365547093451
25,360,900,80,71.13691285051726
25,360,900,-80,71.13691285051726
25,360,900,85,70.85395784033734
25,360,900,-85,70.85395784033734
25,360,900,90,70.57956632157907
25,360,900,-90,70.57956632157907
25,360,900,95,70.39388742904767
25,360,900,-95,70.39388742904767
25,360,900,100,70.09167178891207
25,360,900,-100,70.09167178891207
25,360,900,105,68.1658984351086
25,360,900,-105,68.1658984351086
25,360,900,110,66.45408273727611
25,360,900,-110,66.45408273727611
25,360,1100,5,90.56666408250416
25,360,1100,-5,90.56666408250416
25,360,1100,10,87.96854455624783
25,360,1100,-10,87.96854455624783
25,360,1100,15,86.04554710244653
25,360,1100,-15,86.04554710244653
25,360,1100,20,84.57197725415853
25,360,1100,-20,84.57197725415853
25,360,1100,25,83.49250079398391
25,360,1100,-25,83.49250079398391
25,360,1100,30,81.89916094010378
25,360,1100,-30,81.89916094010378
25,360,1100,35,80.33297862457098
25,360,1100,-35,80.33297862457098
25,360,1100,40,78.95326048185409
25,360,1100,-40,78.95326048185409
25,360,1100,45,77.6009446209476
25,360,1100,-45,77.6009446209476
25,360,1100,50,76.54328831806383
25,360,1100,-50,76.54328831806383
25,360,1100,55,75.63785280470864
25,360,1100,-55,75.63785280470864
25,360,1100,60,75.04419952162147
25,360,1100,-60,75.04419952162147
25,360,1100,65,74.38330002992757
25,360,1100,-65,74.38330002992757
25,360,1100,70,73.67810385776647
25,360,1100,-70,73.67810385776647
25,360,1100,75,72.92512948925818
25,360,1100,-75,72.92512948925818
25,360,1100,80,72.26375915711904
25,360,1100,-80,72.26375915711904
25,360,1100,85,71.9839072592266
25,360,1100,-85,71.9839072592266
25,360,1100,90,71.61557878295743
25,360,1100,-90,71.61557878295743
25,360,1100,95,71.3948248740492
25,360,1100,-95,71.3948248740492
25,360,1100,100,71.00519371057119
25,360,1100,-100,71.00519371057119
25,360,1100,105,70.14306234118479
25,360,1100,-105,70.14306234118479
25,360,1100,110,70.0
25,360,1100,-110,70.0
25,360,1300,5,91.0
25,360,1300,-5,91.0
25,360,1300,10,90.07170499848178
25,360,1300,-10,90.07170499848178
25,360,1300,15,88.9375506960919
25,360,1300,-15,88.9375506960919
25,360,1300,20,87.05651397279061
25,360,1300,-20,87.05651397279061
25,360,1300,25,86.15970696916725
25,360,1300,-25,86.15970696916725
25,360,1300,30,84.53966559126715
25,360,1300,-30,84.53966559126715
25,360,1300,35,82.90738826773907
25,360,1300,-35,82.90738826773907
25,360,1300,40,81.21710480245106
25,360,1300,-40,81.21710480245106
25,360,1300,45,79.53680990815393
25,360,1300,-45,79.53680990815393
25,360,1300,50,78.3299886452976
25,360,1300,-50,78.3299886452976
25,360,1300,55,77.25788478480669
25,360,1300,-55,77.25788478480669
25,360,1300,60,76.52715818523161
25,360,1300,-60,76.52715818523161
25,360,1300,65,75.83084923439162
25,360,1300,-65,75.83084923439162
25,360,1300,70,75.03447958834421
25,360,1300,-70,75.03447958834421
25,360,1300,75,74.15078318715761
25,360,1300,-75,74.15078318715761
25,360,1300,80,73.43120895519452
25,360,1300,-80,73.43120895519452
25,360,1300,85,73.00552362865405
25,360,1300,-85,73.00552362865405
25,360,1300,90,72.65159124433579
25,360,1300,-90,72.65159124433579
25,360,1300,95,72.38542225876913
25,360,1300,-95,72.38542225876913
25,360,1300,100,71.85357342519364
25,360,1300,-100,71.85357342519364
25,360,1300,105,70.63560727500679
25,360,1300,-105,70.63560727500679
25,360,1300,110,70.0
25,360,1300,-110,70.0
25,360,1500,5,91.30366410061825
25,360,1500,-5,91.30366410061825
25,360,1500,10,90.75578068525382
25,360,1500,-10,90.75578068525382
25,360,1500,15,90.30059990367985
25,360,1500,-15,90.30059990367985
25,360,1500,20,89.00227386038094
25,360,1500,-20,89.00227386038094
25,360,1500,25,88.22802859088372
25,360,1500,-25,88.22802859088372
25,360,1500,30,86.94505182477728
25,360,1500,-30,86.94505182477728
25,360,1500,35,85.22747886538545
25,360,1500,-35,85.22747886538545
25,360,1500,40,83.69499656431219
25,360,1500,-40,83.69499656431219
25,360,1500,45,81.91999572165341
25,360,1500,-45,81.91999572165341
25,360,1500,50,80.0
25,360,1500,-50,80.0
25,360,1500,55,78.88305937213215
25,360,1500,-55,78.88305937213215
25,360,1500,60,78.00316802726006
25,360,1500,-60,78.00316802726006
25,360,1500,65,77.26164695035098
25,360,1500,-65,77.26164695035098
25,360,1500,70,76.29174175207638
25,360,1500,-70,76.29174175207638
25,360,1500,75,75.35912615792004
25,360,1500,-75,75.35912615792004
25,360,1500,80,74.61526914517952
25,360,1500,-80,74.61526914517952
25,360,1500,85,74.0718881734209
25,360,1500,-85,74.0718881734209
25,360,1500,90,73.60196241961263
25,360,1500,-90,73.60196241961263
25,360,1500,95,73.3503429604608
25,360,1500,-95,73.3503429604608
25,360,1500,100,72.69878341557545
25,360,1500,-100,72.69878341557545
25,360,1500,105,71.12815220882881
25,360,1500,-105,71.12815220882881
25,360,1500,110,70.0
25,360,1500,-110,70.0
25,360,1700,5,91.85098688780089
25,360,1700,-5,91.85098688780089
25,360,1700,10,91.46779694548593
25,360,1700,-10,91.46779694548593
25,360,1700,15,90.818346747738
25,360,1700,-15,90.818346747738
25,360,1700,20,90.29258776549727
25,360,1700,-20,90.29258776549727
25,360,1700,25,90.0
25,360,1700,-25,90.0
25,360,1700,30,89.13021999726965
25,360,1700,-30,89.13021999726965
25,360,1700,35,87.46688638414784
25,360,1700,-35,87.46688638414784
25,360,1700,40,85.85573111171271
25,360,1700,-40,85.85573111171271
25,360,1700,45,84.17670185607291
25,360,1700,-45,84.17670185607291
25,360,1700,50,82.5
25,360,1700,-50,82.5
25,360,1700,55,80.62727131636561
25,360,1700,-55,80.62727131636561
25,360,1700,60,79.48570850938435
25,360,1700,-60,79.48570850938435
25,360,1700,65,78.6367703853437
25,360,1700,-65,78.6367703853437
25,360,1700,70,77.58921236108893
25,360,1700,-70,77.58921236108893
25,360,1700,75,76.54348186607834
25,360,1700,-75,76.54348186607834
25,360,1700,80,75.79932933516453
25,360,1700,-80,75.79932933516453
25,360,1700,85,75.15904597948358
25,360,1700,-85,75.15904597948358
25,360,1700,90,74.61753356554838
25,360,1700,-90,74.61753356554838
25,360,1700,95,74.18938486102861
25,360,1700,-95,74.18938486102861
25,360,1700,100,73.32672429767952
25,360,1700,-100,73.32672429767952
25,360,1700,105,71.62069714265084
25,360,1700,-105,71.62069714265084
25,360,1700,110,70.0
25,360,1700,-110,70.0
25,360,1900,5,92.30913145250639
25,360,1900,-5,92.30913145250639
25,360,1900,10,91.98164638496972
25,360,1900,-10,91.98164638496972
25,360,1900,15,91.2175638520757
25,360,1900,-15,91.2175638520757
25,360,1900,20,90.8952039302198
25,360,1900,-20,90.8952039302198
25,360,1900,25,90.51278106938337
25,360,1900,-25,90.51278106938337
25,360,1900,30,90.31354703936834
25,360,1900,-30,90.31354703936834
25,360,1900,35,89.27968884160839
25,360,1900,-35,89.27968884160839
25,360,1900,40,87.6705266385967
25,360,1900,-40,87.6705266385967
25,360,1900,45,86.09234654741714
25,360,1900,-45,86.09234654741714
25,360,1900,50,84.55432960375734
25,360,1900,-50,84.55432960375734
25,360,1900,55,82.9206164500799
25,360,1900,-55,82.9206164500799
25,360,1900,60,81.41677495893367
25,360,1900,-60,81.41677495893367
25,360,1900,65,79.94538388178036
25,360,1900,-65,79.94538388178036
25,360,1900,70,78.80991770861276
25,360,1900,-70,78.80991770861276
25,360,1900,75,77.75145583768034
25,360,1900,-75,77.75145583768034
25,360,1900,80,76.92346627372137
25,360,1900,-80,76.92346627372137
25,360,1900,85,76.22881766096037
25,360,1900,-85,76.22881766096037
25,360,1900,90,75.63310471148415
25,360,1900,-90,75.63310471148415
25,360,1900,95,75.09628352681365
25,360,1900,-95,75.09628352681365
25,360,1900,100,73.81926923150152
25,360,1900,-100,73.81926923150152
25,360,1900,105,72.11324207647284
25,360,1900,-105,72.11324207647284
25,360,1900,110,70.40721492144417
25,360,1900,-110,70.40721492144417
25,360,2100,5,92.75320637059039
25,360,2100,-5,92.75320637059039
25,360,2100,10,92.12698244840105
25,360,2100,-10,92.12698244840105
25,360,2100,15,91.65947766739988
25,360,2100,-15,91.65947766739988
25,360,2100,20,91.26097936775123
25,360,2100,-20,91.26097936775123
25,360,2100,25,91.02421443418443
25,360,2100,-25,91.02421443418443
25,360,2100,30,90.84980539509424
25,360,2100,-30,90.84980539509424
25,360,2100,35,90.20749068063655
25,360,2100,-35,90.20749068063655
25,360,2100,40,89.17093267199178
25,360,2100,-40,89.17093267199178
25,360,2100,45,87.74427376697446
25,360,2100,-45,87.74427376697446
25,360,2100,50,86.23991214859046
25,360,2100,-50,86.23991214859046
25,360,2100,55,84.93148124224038
25,360,2100,-55,84.93148124224038
25,360,2100,60,83.36857158902254
25,360,2100,-60,83.36857158902254
25,360,2100,65,82.00445172858888
25,360,2100,-65,82.00445172858888
25,360,2100,70,80.0
25,360,2100,-70,80.0
25,360,2100,75,78.94970978329366
25,360,2100,-75,78.94970978329366
25,360,2100,80,77.98106950555899
25,360,2100,-80,77.98106950555899
25,360,2100,85,77.1974980175879
25,360,2100,-85,77.1974980175879
25,360,2100,90,76.58571041937452
25,360,2100,-90,76.58571041937452
25,360,2100,95,75.76220246610866
25,360,2100,-95,75.76220246610866
25,360,2100,100,74.31181416532355
25,360,2100,-100,74.31181416532355
25,360,2100,105,72.60578701029485
25,360,2100,-105,72.60578701029485
25,360,2100,110,70.89975985526618
25,360,2100,-110,70.89975985526618
25,360,2300,5,92.99325474968381
25,360,2300,-5,92.99325474968381
25,360,2300,10,92.34748033777505
25,360,2300,-10,92.34748033777505
25,360,2300,15,92.00713068384671
25,360,2300,-15,92.00713068384671
25,360,2300,20,91.64002944493494
25,360,2300,-20,91.64002944493494
25,360,2300,25,91.35524123612015
25,360,2300,-25,91.35524123612015
25,360,2300,30,91.13124286656658
25,360,2300,-30,91.13124286656658
25,360,2300,35,90.58926463426558
25,360,2300,-35,90.58926463426558
25,360,2300,40,90.14321594167875
25,360,2300,-40,90.14321594167875
25,360,2300,45,89.05029681041854
25,360,2300,-45,89.05029681041854
25,360,2300,50,87.72124794153284
25,360,2300,-50,87.72124794153284
25,360,2300,55,86.39479898535669
25,360,2300,-55,86.39479898535669
25,360,2300,60,85.06588904925098
25,360,2300,-60,85.06588904925098
25,360,2300,65,83.65813123814681
25,360,2300,-65,83.65813123814681
25,360,2300,70,82.1060098286187
25,360,2300,-70,82.1060098286187
25,360,2300,75,80.0
25,360,2300,-75,80.0
25,360,2300,80,79.08356409193232
25,360,2300,-80,79.08356409193232
25,360,2300,85,78.17410404744179
25,360,2300,-85,78.17410404744179
25,360,2300,90,77.56901332920658
25,360,2300,-90,77.56901332920658
25,360,2300,95,76.51038625417424
25,360,2300,-95,76.51038625417424
25,360,2300,100,74.80435909914557
25,360,2300,-100,74.80435909914557
25,360,2300,105,73.0983319441169
25,360,2300,-105,73.0983319441169
25,360,2300,110,71.39230478908819
25,360,2300,-110,71.39230478908819
25,360,2500,5,93.00000000000001
25,360,2500,-5,93.00000000000001
25,360,2500,10,92.5147610447718
25,360,2500,-10,92.5147610447718
25,360,2500,15,92.2222209999353
25,360,2500,-15,92.2222209999353
25,360,2500,20,92.0
25,360,2500,-20,92.0
25,360,2500,25,91.68269484968175
25,360,2500,-25,91.68269484968175
25,360,2500,30,91.37460148289351
25,360,2500,-30,91.37460148289351
25,360,2500,35,90.93790898465114
25,360,2500,-35,90.93790898465114
25,360,2500,40,90.51428439070555
25,360,2500,-40,90.51428439070555
25,360,2500,45,90.08635243598926
25,360,2500,-45,90.08635243598926
25,360,2500,50,88.91422982385491
25,360,2500,-50,88.91422982385491
25,360,2500,55,87.73224548370054
25,360,2500,-55,87.73224548370054
25,360,2500,60,86.43214723028841
25,360,2500,-60,86.43214723028841
25,360,2500,65,85.05971377197869
25,360,2500,-65,85.05971377197869
25,360,2500,70,83.60710934463027
25,360,2500,-70,83.60710934463027
25,360,2500,75,82.06607681623257
25,360,2500,-75,82.06607681623257
25,360,2500,80,80.03545518509117
25,360,2500,-80,80.03545518509117
25,360,2500,85,79.15803212715812
25,360,2500,-85,79.15803212715812
25,360,2500,90,78.30617360584037
25,360,2500,-90,78.30617360584037
25,360,2500,95,77.00293118799625
25,360,2500,-95,77.00293118799625
25,360,2500,100,75.29690403296757
25,360,2500,-100,75.29690403296757
25,360,2500,105,73.5908768779389
25,360,2500,-105,73.5908768779389
25,360,2500,110,71.88484972291022
25,360,2500,-110,71.88484972291022
25,360,2700,5,93.0
25,360,2700,-5,93.0
25,360,2700,10,92.71592309630974
25,360,2700,-10,92.71592309630974
25,360,2700,15,92.43702609265505
25,360,2700,-15,92.43702609265505
25,360,2700,20,92.18849454906875
25,360,2700,-20,92.18849454906875
25,360,2700,25,91.93464217699436
25,360,2700,-25,91.93464217699436
25,360,2700,30,91.63777139908764
25,360,2700,-30,91.63777139908764
25,360,2700,35,91.25779516302636
25,360,2700,-35,91.25779516302636
25,360,2700,40,90.91284384376216
25,360,2700,-40,90.91284384376216
25,360,2700,45,90.48218558511954
25,360,2700,-45,90.48218558511954
25,360,2700,50,90.01337566271368
25,360,2700,-50,90.01337566271368
25,360,2700,55,88.83694422444536
25,360,2700,-55,88.83694422444536
25,360,2700,60,87.64316940224248
25,360,2700,-60,87.64316940224248
25,360,2700,65,86.3754914613065
25,360,2700,-65,86.3754914613065
25,360,2700,70,85.0
25,360,2700,-70,85.0
25,360,2700,75,83.54817580737723
25,360,2700,-75,83.54817580737723
25,360,2700,80,82.0101506257445
25,360,2700,-80,82.0101506257445
25,360,2700,85,80.10445216001314
25,360,2700,-85,80.10445216001314
25,360,2700,90,79.03609444780703
25,360,2700,-90,79.03609444780703
25,360,2700,95,77.49547612181827
25,360,2700,-95,77.49547612181827
25,360,2700,100,75.78944896678959
25,360,2700,-100,75.78944896678959
25,360,2700,105,74.10380844255138
25,360,2700,-105,74.10380844255138
25,360,2700,110,71.98730116342202
25,360,2700,-110,71.98730116342202
25,360,2900,5,93.0
25,360,2900,-5,93.0
25,360,2900,10,92.9307281890295
25,360,2900,-10,92.9307281890295
25,360,2900,15,92.65183118537479
25,360,2900,-15,92.65183118537479
25,360,2900,20,92.38915882741894
25,360,2900,-20,92.38915882741894
25,360,2900,25,92.16442805839863
25,360,2900,-25,92.16442805839863
25,360,2900,30,91.94351309671806
25,360,2900,-30,91.94351309671806
25,360,2900,35,91.58222605847448
25,360,2900,-35,91.58222605847448
25,360,2900,40,91.20202606328711
25,360,2900,-40,91.20202606328711
25,360,2900,45,90.86596358470247
25,360,2900,-45,90.86596358470247
25,360,2900,50,90.3562085637875
25,360,2900,-50,90.3562085637875
25,360,2900,55,89.93475825632086
25,360,2900,-55,89.93475825632086
25,360,2900,60,88.70259256226696
25,360,2900,-60,88.70259256226696
25,360,2900,65,87.56684222506502
25,360,2900,-65,87.56684222506502
25,360,2900,70,86.18520735771153
25,360,2900,-70,86.18520735771153
25,360,2900,75,84.85316200294024
25,360,2900,-75,84.85316200294024
25,360,2900,80,83.21399546294195
25,360,2900,-80,83.21399546294195
25,360,2900,85,81.48558901645815
25,360,2900,-85,81.48558901645815
25,360,2900,90,79.67082989136038
25,360,2900,-90,79.67082989136038
25,360,2900,95,78.01436774221482
25,360,2900,-95,78.01436774221482
25,360,2900,100,75.98503517419674
25,360,2900,-100,75.98503517419674
25,360,2900,105,73.86754688392203
25,360,2900,-105,73.86754688392203
25,360,2900,110,71.75662814023444
25,360,2900,-110,71.75662814023444
25,360,3100,5,93.0
25,360,3100,-5,93.0
25,360,3100,10,93.00000000000001
25,360,3100,-10,93.00000000000001
25,360,3100,15,92.86663627809453
25,360,3100,-15,92.86663627809453
25,360,3100,20,92.61990758322021
25,360,3100,-20,92.61990758322021
25,360,3100,25,92.41711057248719
25,360,3100,-25,92.41711057248719
25,360,3100,30,92.1966399046581
25,360,3100,-30,92.1966399046581
25,360,3100,35,91.8662969308732
25,360,3100,-35,91.8662969308732
25,360,3100,40,91.4715864927327
25,360,3100,-40,91.4715864927327
25,360,3100,45,91.1268884112497
25,360,3100,-45,91.1268884112497
25,360,3100,50,90.67877563627307
25,360,3100,-50,90.67877563627307
25,360,3100,55,90.26707168593894
25,360,3100,-55,90.26707168593894
25,360,3100,60,89.75138179536211
25,360,3100,-60,89.75138179536211
25,360,3100,65,88.52697818668204
25,360,3100,-65,88.52697818668204
25,360,3100,70,87.39252780297144
25,360,3100,-70,87.39252780297144
25,360,3100,75,85.96390648776678
25,360,3100,-75,85.96390648776678
25,360,3100,80,84.33460311195793
25,360,3100,-80,84.33460311195793
25,360,3100,85,82.55111881016852
25,360,3100,-85,82.55111881016852
25,360,3100,90,80.0
25,360,3100,-90,80.0
25,360,3100,95,77.96538712516099
25,360,3100,-95,77.96538712516099
25,360,3100,100,75.82050758407466
25,360,3100,-100,75.82050758407466
25,360,3100,105,73.67730673598508
25,360,3100,-105,73.67730673598508
25,360,3100,110,71.53410588789552
25,360,3100,-110,71.53410588789552
25,360,3300,5,93.0
25,360,3300,-5,93.0
25,360,3300,10,93.0
25,360,3300,-10,93.0
25,360,3300,15,93.0
25,360,3300,-15,93.0
25,360,3300,20,92.86078404588373
25,360,3300,-20,92.86078404588373
25,360,3300,25,92.67553245360125
25,360,3300,-25,92.67553245360125
25,360,3300,30,92.44205516355977
25,360,3300,-30,92.44205516355977
25,360,3300,35,92.0773444443575
25,360,3300,-35,92.0773444443575
25,360,3300,40,91.7223058940126
25,360,3300,-40,91.7223058940126
25,360,3300,45,91.35283034646787
25,360,3300,-45,91.35283034646787
25,360,3300,50,90.97113415912335
25,360,3300,-50,90.97113415912335
25,360,3300,55,90.57020364661203
25,360,3300,-55,90.57020364661203
25,360,3300,60,90.20644025335271
25,360,3300,-60,90.20644025335271
25,360,3300,65,89.50601120879793
25,360,3300,-65,89.50601120879793
25,360,3300,70,88.37772878277435
25,360,3300,-70,88.37772878277435
25,360,3300,75,87.25762750830994
25,360,3300,-75,87.25762750830994
25,360,3300,80,85.43162196103961
25,360,3300,-80,85.43162196103961
25,360,3300,85,83.60512817610169
25,360,3300,-85,83.60512817610169
25,360,3300,90,80.24292628810501
25,360,3300,-90,80.24292628810501
25,360,3300,95,78.01255944173195
25,360,3300,-95,78.01255944173195
25,360,3300,100,75.75594399304974
25,360,3300,-100,75.75594399304974
25,360,3300,105,73.49932854436751
25,360,3300,-105,73.49932854436751
25,360,3300,110,71.28001688541154
25,360,3300,-110,71.28001688541154
25,360,3500,5,93.0
25,360,3500,-5,93.0
25,360,3500,10,93.0
25,360,3500,-10,93.0
25,360,3500,15,93.0
25,360,3500,-15,93.0
25,360,3500,20,93.0203436375282
25,360,3500,-20,93.0203436375282
25,360,3500,25,92.93473259639606
25,360,3500,-25,92.93473259639606
25,360,3500,30,92.6481268865541
25,360,3500,-30,92.6481268865541
25,360,3500,35,92.27527484423518
25,360,3500,-35,92.27527484423518
25,360,3500,40,91.96126436002146
25,360,3500,-40,91.96126436002146
25,360,3500,45,91.59373656587496
25,360,3500,-45,91.59373656587496
25,360,3500,50,91.20349484892009
25,360,3500,-50,91.20349484892009
25,360,3500,55,90.8796734537807
25,360,3500,-55,90.8796734537807
25,360,3500,60,90.51138223659787
25,360,3500,-60,90.51138223659787
25,360,3500,65,90.11222240650778
25,360,3500,-65,90.11222240650778
25,360,3500,70,89.51442480791242
25,360,3500,-70,89.51442480791242
25,360,3500,75,88.44183807668367
25,360,3500,-75,88.44183807668367
25,360,3500,80,86.65875175082374
25,360,3500,-80,86.65875175082374
25,360,3500,85,84.81702237598877
25,360,3500,-85,84.81702237598877
25,360,3500,90,80.88372789904567
25,360,3500,-90,80.88372789904567
25,360,3500,95,77.85631518096545
25,360,3500,-95,77.85631518096545
25,360,3500,100,75.54329712650659
25,360,3500,-100,75.54329712650659
25,360,3500,105,73.23027907204775
25,360,3500,-105,73.23027907204775
25,360,3700,5,93.0
25,360,3700,-5,93.0
25,360,3700,10,93.0
25,360,3700,-10,93.0
25,360,3700,15,93.00988864544718
25,360,3700,-15,93.00988864544718
25,360,3700,20,93.13722575549886
25,360,3700,-20,93.13722575549886
25,360,3700,25,93.07268613933901
25,360,3700,-25,93.07268613933901
25,360,3700,30,92.84229809945013
25,360,3700,-30,92.84229809945013
25,360,3700,35,92.47978595429129
25,360,3700,-35,92.47978595429129
25,360,3700,40,92.16004490068681
25,360,3700,-40,92.16004490068681
25,360,3700,45,91.83631157069831
25,360,3700,-45,91.83631157069831
25,360,3700,50,91.44893052501598
25,360,3700,-50,91.44893052501598
25,360,3700,55,91.14188878363959
25,360,3700,-55,91.14188878363959
25,360,3700,60,90.79898828221951
25,360,3700,-60,90.79898828221951
25,360,3700,65,90.36155445983118
25,360,3700,-65,90.36155445983118
25,360,3700,70,90.00000000000001
25,360,3700,-70,90.00000000000001
25,360,3700,75,89.56774304607336
25,360,3700,-75,89.56774304607336
25,360,3700,80,87.67961955727348
25,360,3700,-80,87.67961955727348
25,360,3700,85,85.59023615541545
25,360,3700,-85,85.59023615541545
25,360,3700,90,81.6265571983666
25,360,3700,-90,81.6265571983666
25,360,3700,95,78.04244616310827
25,360,3700,-95,78.04244616310827
25,360,3700,100,75.3267324800438
25,360,3700,-100,75.3267324800438
25,360,3700,105,72.70341024737043
25,360,3700,-105,72.70341024737043
25,360,3900,5,93.0
25,360,3900,-5,93.0
25,360,3900,10,93.0
25,360,3900,-10,93.0
25,360,3900,15,93.13713495220539
25,360,3900,-15,93.13713495220539
25,360,3900,20,93.25410787346952
25,360,3900,-20,93.25410787346952
25,360,3900,25,93.18155857456084
25,360,3900,-25,93.18155857456084
25,360,3900,30,93.0114998376
25,360,3900,-30,93.0114998376
25,360,3900,35,92.68207787598524
25,360,3900,-35,92.68207787598524
25,360,3900,40,92.3644885300016
25,360,3900,-40,92.3644885300016
25,360,3900,45,92.05387269944241
25,360,3900,-45,92.05387269944241
25,360,3900,50,91.70692656869883
25,360,3900,-50,91.70692656869883
25,360,3900,55,91.40850179464104
25,360,3900,-55,91.40850179464104
25,360,3900,60,90.99999999999999
25,360,3900,-60,90.99999999999999
25,360,3900,65,90.34745908446291
25,360,3900,-65,90.34745908446291
25,360,3900,70,90.0
25,360,3900,-70,90.0
25,360,3900,75,90.0
25,360,3900,-75,90.0
25,360,3900,80,88.58929093041897
25,360,3900,-80,88.58929093041897
25,360,3900,85,86.23522639442083
25,360,3900,-85,86.23522639442083
25,360,3900,90,81.86237994324382
25,360,3900,-90,81.86237994324382
25,360,3900,95,78.14466022542044
25,360,3900,-95,78.14466022542044
25,360,3900,100,75.46767616878758
25,360,3900,-100,75.46767616878758
25,360,3900,105,72.7807345011223
25,360,3900,-105,72.7807345011223
25,360,4100,5,93.00000000000001
25,360,4100,-5,93.00000000000001
25,360,4100,10,93.03863954482733
25,360,4100,-10,93.03863954482733
25,360,4100,15,93.2643812589636
25,360,4100,-15,93.2643812589636
25,360,4100,20,93.3709820286447
25,360,4100,-20,93.3709820286447
25,360,4100,25,93.2904310097827
25,360,4100,-25,93.2904310097827
25,360,4100,30,93.11655732673502
25,360,4100,-30,93.11655732673502
25,360,4100,35,92.89184829731153
25,360,4100,-35,92.89184829731153
25,360,4100,40,92.5670710828412
25,360,4100,-40,92.5670710828412
25,360,4100,45,92.24906116173986
25,360,4100,-45,92.24906116173986
25,360,4100,50,91.9544508536009
25,360,4100,-50,91.9544508536009
25,360,4100,55,91.67338493410543
25,360,4100,-55,91.67338493410543
25,360,4100,60,91.1351731270178
25,360,4100,-60,91.1351731270178
25,360,4100,65,90.20506887632438
25,360,4100,-65,90.20506887632438
25,360,4100,70,90.0
25,360,4100,-70,90.0
25,360,4100,75,90.0
25,360,4100,-75,90.0
25,360,4100,80,88.92946540773615
25,360,4100,-80,88.92946540773615
25,360,4100,85,86.33037858444517
25,360,4100,-85,86.33037858444517
25,360,4100,90,82.03202165330215
25,360,4100,-90,82.03202165330215
25,360,4100,95,78.21089675002617
25,360,4100,-95,78.21089675002617
25,360,4100,100,75.10203434890127
25,360,4100,-100,75.10203434890127
25,360,4300,5,93.0
25,360,4300,-5,93.0
25,360,4300,10,93.16588585158557
25,360,4300,-10,93.16588585158557
25,360,4300,15,93.39162756572182
25,360,4300,-15,93.39162756572182
25,360,4300,20,93.48316733935398
25,360,4300,-20,93.48316733935398
25,360,4300,25,93.39816652927036
25,360,4300,-25,93.39816652927036
25,360,4300,30,93.22284427069295
25,360,4300,-30,93.22284427069295
25,360,4300,35,93.04676215554389
25,360,4300,-35,93.04676215554389
25,360,4300,40,92.76207760578681
25,360,4300,-40,92.76207760578681
25,360,4300,45,92.41426443425023
25,360,4300,-45,92.41426443425023
25,360,4300,50,92.12653341888506
25,360,4300,-50,92.12653341888506
25,360,4300,55,91.9423303858571
25,360,4300,-55,91.9423303858571
25,360,4300,60,91.18414001835099
25,360,4300,-60,91.18414001835099
25,360,4300,65,90.06201283838185
25,360,4300,-65,90.06201283838185
25,360,4300,70,89.99999999999999
25,360,4300,-70,89.99999999999999
25,360,4300,75,89.99999999999999
25,360,4300,-75,89.99999999999999
25,360,4300,80,88.4808242129782
25,360,4300,-80,88.4808242129782
25,360,4300,85,85.27607171318849
25,360,4300,-85,85.27607171318849
25,360,4300,90,80.71914212734588
25,360,4300,-90,80.71914212734588
25,360,4300,95,77.14033776837012
25,360,4300,-95,77.14033776837012
25,360,4500,5,92.51752924030797
25,360,4500,-5,92.51752924030797
25,360,4500,10,93.29313215834378
25,360,4500,-10,93.29313215834378
25,360,4500,15,93.51887387248003
25,360,4500,-15,93.51887387248003
25,360,4500,20,93.59822100718377
25,360,4500,-20,93.59822100718377
25,360,4500,25,93.52266478503942
25,360,4500,-25,93.52266478503942
25,360,4500,30,93.35432422931763
25,360,4500,-30,93.35432422931763
25,360,4500,35,93.16289015380772
25,360,4500,-35,93.16289015380772
25,360,4500,40,92.9302017637251
25,360,4500,-40,92.9302017637251
25,360,4500,45,92.56769495853699
25,360,4500,-45,92.56769495853699
25,360,4500,50,92.29048263583269
25,360,4500,-50,92.29048263583269
25,360,4500,55,92.03982825719994
25,360,4500,-55,92.03982825719994
25,360,4500,60,91.10452359904414
25,360,4500,-60,91.10452359904414
25,360,4500,65,89.66766246350782
25,360,4500,-65,89.66766246350782
25,360,4500,70,89.32534217965662
25,360,4500,-70,89.32534217965662
25,360,4500,75,89.33387943507086
25,360,4500,-75,89.33387943507086
25,360,4500,80,87.62862804983767
25,360,4500,-80,87.62862804983767
25,360,4500,85,83.76356733856053
25,360,4500,-85,83.76356733856053
25,360,4500,90,79.22825892374155
25,360,4500,-90,79.22825892374155
25,360,4700,5,91.37004336949123
25,360,4700,-5,91.37004336949123
25,360,4700,10,93.33704703699036
25,360,4700,-10,93.33704703699036
25,360,4700,15,93.64612017923824
25,360,4700,-15,93.64612017923824
25,360,4700,20,93.71327467501357
25,360,4700,-20,93.71327467501357
25,360,4700,25,93.63750530138977
25,360,4700,-25,93.63750530138977
25,360,4700,30,93.47407290224527
25,360,4700,-30,93.47407290224527
25,360,4700,35,93.26875021159415
25,360,4700,-35,93.26875021159415
25,360,4700,40,93.03724579432779
25,360,4700,-40,93.03724579432779
25,360,4700,45,92.70558128249131
25,360,4700,-45,92.70558128249131
25,360,4700,50,92.46201936811885
25,360,4700,-50,92.46201936811885
25,360,4700,55,92.16426691117019
25,360,4700,-55,92.16426691117019
25,360,4700,60,91.19789744610847
25,360,4700,-60,91.19789744610847
25,360,4700,65,88.23950893171862
25,360,4700,-65,88.23950893171862
25,360,4700,70,88.01799755030511
25,360,4700,-70,88.01799755030511
25,360,4700,75,87.66071418998095
25,360,4700,-75,87.66071418998095
25,360,4700,80,85.3255215812231
25,360,4700,-80,85.3255215812231
25,360,4900,5,90.22255749867448
25,360,4900,-5,90.22255749867448
25,360,4900,10,93.40804813515729
25,360,4900,-10,93.40804813515729
25,360,4900,15,93.77336648599646
25,360,4900,-15,93.77336648599646
25,360,4900,20,93.82832834284336
25,360,4900,-20,93.82832834284336
25,360,4900,25,93.74431904114158
25,360,4900,-25,93.74431904114158
25,360,4900,30,93.58580412808466
25,360,4900,-30,93.58580412808466
25,360,4900,35,93.36496407971599
25,360,4900,-35,93.36496407971599
25,360,4900,40,93.11732160090654
25,360,4900,-40,93.11732160090654
25,360,4900,45,92.85426366430269
25,360,4900,-45,92.85426366430269
25,360,4900,50,92.59126446645391
25,360,4900,-50,92.59126446645391
25,360,4900,55,92.19281161034718
25,360,4900,-55,92.19281161034718
25,360,4900,60,92.0
25,360,4900,-60,92.0
25,360,4900,65,87.5
25,360,4900,-65,87.5
25,360,4900,70,87.5
25,360,4900,-70,87.5
25,360,4900,75,86.04493541313091
25,360,4900,-75,86.04493541313091
25,360,5100,5,90.78565765149294
25,360,5100,-5,90.78565765149294
25,360,5100,10,93.45563145792958
25,360,5100,-10,93.45563145792958
25,360,5100,15,93.93584364950989
25,360,5100,-15,93.93584364950989
25,360,5100,20,93.94338201067316
25,360,5100,-20,93.94338201067316
25,360,5100,25,93.88975199547743
25,360,5100,-25,93.88975199547743
25,360,5100,30,93.69016613730886
25,360,5100,-30,93.69016613730886
25,360,5100,35,93.4481074752087
25,360,5100,-35,93.4481074752087
25,360,5100,40,93.19883868689675
25,360,5100,-40,93.19883868689675
25,360,5100,45,92.99901047163175
25,360,5100,-45,92.99901047163175
25,360,5100,50,92.70803632805685
25,360,5100,-50,92.70803632805685
25,360,5100,55,92.11186792038342
25,360,5100,-55,92.11186792038342
25,360,5100,60,92.0
25,360,5100,-60,92.0
25,360,5100,65,87.5
25,360,5100,-65,87.5
25,360,5300,5,92.49654607370597
25,360,5300,-5,92.49654607370597
25,360,5300,10,93.55968651062443
25,360,5300,-10,93.55968651062443
25,360,5300,15,94.0
25,360,5300,-15,94.0
25,360,5300,20,94.0
25,360,5300,-20,94.0
25,360,5300,25,94.0
25,360,5300,-25,94.0
25,360,5300,30,93.77794784291073
25,360,5300,-30,93.77794784291073
25,360,5300,35,93.52523841335277
25,360,5300,-35,93.52523841335277
25,360,5300,40,93.21497029637278
25,360,5300,-40,93.21497029637278
25,360,5300,45,93.00000000000001
25,360,5300,-45,93.00000000000001
25,360,5300,50,92.64225781920653
25,360,5300,-50,92.64225781920653
25,360,5300,55,92.03092423041963
25,360,5300,-55,92.03092423041963
25,360,5300,60,92.0
25,360,5300,-60,92.0
25,360,5500,5,92.69188180127527
25,360,5500,-5,92.69188180127527
25,360,5500,10,93.69349027365396
25,360,5500,-10,93.69349027365396
25,360,5500,15,94.0
25,360,5500,-15,94.0
25,360,5500,20,94.0
25,360,5500,-20,94.0
25,360,5500,25,94.0
25,360,5500,-25,94.0
25,360,5500,30,93.85410793600255
25,360,5500,-30,93.85410793600255
25,360,5500,35,93.564353949767
25,360,5500,-35,93.564353949767
25,360,5500,40,93.21794303653073
25,360,5500,-40,93.21794303653073
25,360,5500,45,93.0
25,360,5500,-45,93.0
25,360,5500,50,92.50033623420777
25,360,5500,-50,92.50033623420777
25,360,5500,55,92.00000000000001
25,360,5500,-55,92.00000000000001
25,360,5700,5,93.0
25,360,5700,-5,93.0
25,360,5700,10,93.76911276763036
25,360,5700,-10,93.76911276763036
25,360,5700,15,94.0
25,360,5700,-15,94.0
25,360,5700,20,94.0
25,360,5700,-20,94.0
25,360,5700,25,94.0
25,360,5700,-25,94.0
25,360,5700,30,93.91373760316121
25,360,5700,-30,93.91373760316121
25,360,5700,35,93.56732668992494
25,360,5700,-35,93.56732668992494
25,360,5700,40,93.22091577668867
25,360,5700,-40,93.22091577668867
25,360,5700,45,93.0
25,360,5700,-45,93.0
25,360,5700,50,92.5300029363475
25,360,5700,-50,92.5300029363475
25,360,5700,55,92.00000000000001
25,360,5700,-55,92.00000000000001
25,360,5900,5,93.0
25,360,5900,-5,93.0
25,360,5900,10,93.85478679244919
25,360,5900,-10,93.85478679244919
25,360,5900,15,93.99999999999999
25,360,5900,-15,93.99999999999999
25,360,5900,20,94.0
25,360,5900,-20,94.0
25,360,5900,25,94.0
25,360,5900,-25,94.0
25,360,5900,30,93.93003335969281
25,360,5900,-30,93.93003335969281
25,360,5900,35,93.55888320689031
25,360,5900,-35,93.55888320689031
25,360,5900,40,93.22388851684661
25,360,5900,-40,93.22388851684661
25,360,5900,45,93.0
25,360,5900,-45,93.0
25,360,5900,50,92.64912443012201
25,360,5900,-50,92.64912443012201
25,360,6100,5,93.0
25,360,6100,-5,93.0
25,360,6100,10,93.86499497054407
25,360,6100,-10,93.86499497054407
25,360,6100,15,94.0
25,360,6100,-15,94.0
25,360,6100,20,94.0
25,360,6100,-20,94.0
25,360,6100,25,94.0
25,360,6100,-25,94.0
25,360,6100,30,93.98105321722522
25,360,6100,-30,93.98105321722522
25,360,6100,35,93.58311754857361
25,360,6100,-35,93.58311754857361
25,360,6100,40,93.18669588923069
25,360,6100,-40,93.18669588923069
25,360,6100,45,92.71997031976922
25,360,6100,-45,92.71997031976922
25,360,6100,50,91.79485157737449
25,360,6100,-50,91.79485157737449
25,360,6300,5,92.92339960961765
25,360,6300,-5,92.92339960961765
25,360,6300,10,93.82076206566433
25,360,6300,-10,93.82076206566433
25,360,6300,15,94.0
25,360,6300,-15,94.0
25,360,6300,20,94.0
25,360,6300,-20,94.0
25,360,6300,25,93.99999999999999
25,360,6300,-25,93.99999999999999
25,360,6300,30,94.0
25,360,6300,-30,94.0
25,360,6300,35,93.61867810061402
25,360,6300,-35,93.61867810061402
25,360,6300,40,93.15606746761016
25,360,6300,-40,93.15606746761016
25,360,6300,45,92.12677032647359
25,360,6300,-45,92.12677032647359
25,360,6500,5,92.81577698222144
25,360,6500,-5,92.81577698222144
25,360,6500,10,93.75418032717452
25,360,6500,-10,93.75418032717452
25,360,6500,15,94.0
25,360,6500,-15,94.0
25,360,6500,20,93.99999999999999
25,360,6500,-20,93.99999999999999
25,360,6500,25,94.0
25,360,6500,-25,94.0
25,360,6500,30,93.99999999999999
25,360,6500,-30,93.99999999999999
25,360,6500,35,93.63904632912808
25,360,6500,-35,93.63904632912808
25,360,6500,40,93.07160706587133
25,360,6500,-40,93.07160706587133
25,360,6700,5,92.79156942272591
25,360,6700,-5,92.79156942272591
25,360,6700,10,93.72680822118318
25,360,6700,-10,93.72680822118318
25,360,6700,15,93.99999999999999
25,360,6700,-15,93.99999999999999
25,360,6700,20,94.0
25,360,6700,-20,94.0
25,360,6700,25,94.0
25,360,6700,-25,94.0
25,360,6700,30,94.0
25,360,6700,-30,94.0
25,360,6700,35,93.6742312821019
25,360,6700,-35,93.6742312821019
25,360,6700,40,92.97027006504139
25,360,6700,-40,92.97027006504139
25,360,6900,5,92.6649234222215
25,360,6900,-5,92.6649234222215
25,360,6900,10,93.678228458212
25,360,6900,-10,93.678228458212
25,360,6900,15,94.0
25,360,6900,-15,94.0
25,360,6900,20,94.0
25,360,6900,-20,94.0
25,360,6900,25,94.0
25,360,6900,-25,94.0
25,360,6900,30,94.0
25,360,6900,-30,94.0
25,360,6900,35,93.51060398959638
25,360,6900,-35,93.51060398959638
25,360,7100,5,92.69633589938178
25,360,7100,-5,92.69633589938178
25,360,7100,10,93.66314618127231
25,360,7100,-10,93.66314618127231
25,360,7100,15,94.0
25,360,7100,-15,94.0
25,360,7100,20,94.0
25,360,7100,-20,94.0
25,360,7100,25,94.0
25,360,7100,-25,94.0
25,360,7100,30,94.0
25,360,7100,-30,94.0
25,360,7100,35,93.11972377482003
25,360,7100,-35,93.11972377482003
25,360,7300,5,92.60109280129025
25,360,7300,-5,92.60109280129025
25,360,7300,10,93.65031309146129
25,360,7300,-10,93.65031309146129
25,360,7300,15,94.0
25,360,7300,-15,94.0
25,360,7300,20,94.0
25,360,7300,-20,94.0
25,360,7300,25,94.0
25,360,7300,-25,94.0
25,360,7300,30,93.79542719693198
25,360,7300,-30,93.79542719693198
25,360,7300,35,92.37266780333661
25,360,7300,-35,92.37266780333661
25,360,7500,5,91.93597129695529
25,360,7500,-5,91.93597129695529
25,360,7500,10,93.65031309146129
25,360,7500,-10,93.65031309146129
25,360,7500,15,93.99999999999999
25,360,7500,-15,93.99999999999999
25,360,7500,20,94.0
25,360,7500,-20,94.0
25,360,7500,25,94.0
25,360,7500,-25,94.0
25,360,7500,30,93.53416408294837
25,360,7500,-30,93.53416408294837
25,360,7500,35,91.48811612402083
25,360,7500,-35,91.48811612402083
25,360,7700,5,92.43908272931913
25,360,7700,-5,92.43908272931913
25,360,7700,10,93.63947059856368
25,360,7700,-10,93.63947059856368
25,360,7700,15,94.0
25,360,7700,-15,94.0
25,360,7700,20,94.0
25,360,7700,-20,94.0
25,360,7700,25,94.0
25,360,7700,-25,94.0
25,360,7700,30,93.33261578976052
25,360,7700,-30,93.33261578976052
25,360,7900,5,92.16422073850478
25,360,7900,-5,92.16422073850478
25,360,7900,10,93.6342577770551
25,360,7900,-10,93.6342577770551
25,360,7900,15,94.0
25,360,7900,-15,94.0
25,360,7900,20,94.0
25,360,7900,-20,94.0
25,360,7900,25,94.0
25,360,7900,-25,94.0
25,360,7900,30,93.16620375718752
25,360,7900,-30,93.16620375718752
25,360,8100,5,92.18346514905825
25,360,8100,-5,92.18346514905825
25,360,8100,10,93.63132204661427
25,360,8100,-10,93.63132204661427
25,360,8100,15,94.0
25,360,8100,-15,94.0
25,360,8100,20,94.0
25,360,8100,-20,94.0
25,360,8100,25,93.80059135416393
25,360,8100,-25,93.80059135416393
25,360,8100,30,92.69201783324942
25,360,8100,-30,92.69201783324942
25,360,8300,5,92.2843523095323
25,360,8300,-5,92.2843523095323
25,360,8300,10,93.58272464393207
25,360,8300,-10,93.58272464393207
25,360,8300,15,94.0
25,360,8300,-15,94.0
25,360,8300,20,94.0
25,360,8300,-20,94.0
25,360,8300,25,93.52946444716733
25,360,8300,-25,93.52946444716733
25,360,8300,30,91.6404079421647
25,360,8300,-30,91.6404079421647
25,360,8500,5,91.92191555362426
25,360,8500,-5,91.92191555362426
25,360,8500,10,93.51235771280494
25,360,8500,-10,93.51235771280494
25,360,8500,15,94.0
25,360,8500,-15,94.0
25,360,8500,20,94.0
25,360,8500,-20,94.0
25,360,8500,25,93.35694106893737
25,360,8500,-25,93.35694106893737
25,360,8700,5,91.54327742229341
25,360,8700,-5,91.54327742229341
25,360,8700,10,93.42299008507781
25,360,8700,-10,93.42299008507781
25,360,8700,15,94.0
25,360,8700,-15,94.0
25,360,8700,20,94.0
25,360,8700,-20,94.0
25,360,8700,25,93.28179717561143
25,360,8700,-25,93.28179717561143
25,360,8900,5,92.00000000000001
25,360,8900,-5,92.00000000000001
25,360,8900,10,93.35063385667894
25,360,8900,-10,93.35063385667894
25,360,8900,15,93.83653043251569
25,360,8900,-15,93.83653043251569
25,360,8900,20,94.0
25,360,8900,-20,94.0
25,360,8900,25,93.10367198049111
25,360,8900,-25,93.10367198049111
25,360,9100,5,91.04091591591592
25,360,9100,-5,91.04091591591592
25,360,9100,10,93.28845363764434
25,360,9100,-10,93.28845363764434
25,360,9100,15,93.70040466066011
25,360,9100,-15,93.70040466066011
25,360,9100,20,93.64064699069303
25,360,9100,-20,93.64064699069303
25,360,9100,25,92.53289578514499
25,360,9100,-25,92.53289578514499
25,360,9300,5,91.10780906455166
25,360,9300,-5,91.10780906455166
25,360,9300,10,93.1976631679092
25,360,9300,-10,93.1976631679092
25,360,9300,15,93.58165511077338
25,360,9300,-15,93.58165511077338
25,360,9300,20,93.43344514451275
25,360,9300,-20,93.43344514451275
25,360,9500,5,90.33145894958982
25,360,9500,-5,90.33145894958982
25,360,9500,10,93.13341298240255
25,360,9500,-10,93.13341298240255
25,360,9500,15,93.29665448722893
25,360,9500,-15,93.29665448722893
25,360,9500,20,93.21347894166907
25,360,9500,-20,93.21347894166907
25,360,9700,5,89.91067613064786
25,360,9700,-5,89.91067613064786
25,360,9700,10,93.0557831417538
25,360,9700,-10,93.0557831417538
25,360,9700,15,93.0116538636845
25,360,9700,-15,93.0116538636845
25,360,9700,20,93.0
25,360,9700,-20,93.0
