Voltage_V,Speed_rpm,Torque_Nm
360,500,277.78744930054825
360,500,-277.78744930054825
360,600,277.78744930054825
360,600,-277.78744930054825
360,700,277.78744930054825
360,700,-277.78744930054825
360,800,277.67682559182805
360,800,-277.67682559182805
360,900,277.67682559182805
360,900,-277.67682559182805
360,1000,277.67682559182805
360,1000,-277.67682559182805
360,1100,277.5662018831078
360,1100,-277.5662018831078
360,1200,277.5662018831078
360,1200,-277.5662018831078
360,1300,277.48035484064735
360,1300,-277.48035484064735
360,1400,277.4555781743876
360,1400,-277.4555781743876
360,1500,277.4555781743876
360,1500,-277.4555781743876
360,1600,277.34495446566746
360,1600,-277.34495446566746
360,1700,277.34495446566746
360,1700,-277.34495446566746
360,1800,277.34495446566746
360,1800,-277.34495446566746
360,1900,277.23427448852976
360,1900,-277.23427448852976
360,2000,277.23427448852976
360,2000,-277.23427448852976
360,2100,277.23427448852976
360,2100,-277.23427448852976
360,2200,277.12365077980957
360,2200,-277.12365077980957
360,2300,277.12365077980957
360,2300,-277.12365077980957
360,2400,276.0094540528959
360,2400,-276.0094540528959
360,2500,268.16277477050807
360,2500,-268.16277477050807
360,2600,260.2772189128991
360,2600,-260.2772189128991
360,2700,252.39162926114054
360,2700,-252.39162926114054
360,2800,244.50603964685473
360,2800,-244.50603964685473
360,2900,236.6204833509155
360,2900,-236.6204833509155
360,3000,228.73491665645975
360,3000,-228.73491665645975
360,3100,220.5174446504958
360,3100,-220.5174446504958
360,3200,212.63185503884043
360,3200,-212.63185503884043
360,3300,204.74629824848753
360,3300,-204.74629824848753
360,3400,196.86071132796326
360,3400,-196.86071132796326
360,3500,188.97514243415958
360,3500,-188.97514243415958
360,3600,181.08953747837126
360,3600,-181.08953747837126
360,3700,173.20397575208472
360,3700,-173.20397575208472
360,3800,169.31342655278274
360,3800,-169.31342655278274
360,3900,167.6034833036371
360,3900,-167.6034833036371
360,4000,165.9600021440569
360,4000,-165.9600021440569
360,4100,164.31652098447668
360,4100,-164.31652098447668
360,4200,162.67303982489648
360,4200,-162.67303982489648
360,4300,161.02955866531627
360,4300,-161.02955866531627
360,4400,159.38607750573607
360,4400,-159.38607750573607
360,4500,156.28229688427135
360,4500,-156.28229688427135
360,4600,152.12007492729907
360,4600,-152.12007492729907
360,4700,147.78248340319536
360,4700,-147.78248340319536
360,4800,143.6316925255893
360,4800,-143.6316925255893
360,4900,139.4650501586719
360,4900,-139.4650501586719
360,5000,135.40891893048146
360,5000,-135.40891893048146
360,5100,131.24227274326975
360,5100,-131.24227274326975
360,5200,127.07552486683663
360,5200,-127.07552486683663
360,5300,122.92480166834937
360,5300,-122.92480166834937
360,5400,119.91833134528729
360,5400,-119.91833134528729
360,5500,117.94734196123983
360,5500,-117.94734196123983
360,5600,115.97724824696152
360,5600,-115.97724824696152
360,5700,114.10284082542341
360,5700,-114.10284082542341
360,5800,112.12743198874638
360,5800,-112.12743198874638
360,5900,110.15202316469204
360,5900,-110.15202316469204
360,6000,108.20767306406513
360,6000,-108.20767306406513
360,6100,106.23759868163727
360,6100,-106.23759868163727
360,6200,104.17900104403253
360,6200,-104.17900104403253
360,6300,102.20892756828223
360,6300,-102.20892756828223
360,6400,100.23891623505044
360,6400,-100.23891623505044
360,6500,98.3440447299242
360,6500,-98.3440447299242
360,6600,96.36863589850591
360,6600,-96.36863589850591
360,6700,94.3933396082622
360,6700,-94.3933396082622
360,6800,92.52855448332919
360,6800,-92.52855448332919
360,6900,91.15051367426699
360,6900,-91.15051367426699
360,7000,89.83895963726474
360,7000,-89.83895963726474
360,7100,88.52733897205984
360,7100,-88.52733897205984
360,7200,87.21573901130432
360,7200,-87.21573901130432
360,7300,85.95897148809776
360,7300,-85.95897148809776
360,7400,84.64207892933452
360,7400,-84.64207892933452
360,7500,83.32521473246376
360,7500,-83.32521473246376
360,7600,82.00823799959089
360,7600,-82.00823799959089
360,7700,80.64712432111658
360,7700,-80.64712432111658
360,7800,79.33015271776534
360,7800,-79.33015271776534
360,7900,78.01328797749589
360,7900,-78.01328797749589
360,8000,76.69631071134756
360,8000,-76.69631071134756
360,8100,75.45555196578252
360,8100,-75.45555196578252
360,8200,74.14388538576543
360,8200,-74.14388538576543
360,8300,72.83233135034075
360,8300,-72.83233135034075
360,8400,71.45429054351374
360,8400,-71.45429054351374
360,8500,70.14273649520393
360,8500,-70.14273649520393
360,8600,68.86119905396988
360,8600,-68.86119905396988
360,8700,67.54429390061064
360,8700,-67.54429390061064
360,8800,66.22731716361801
360,8800,-66.22731716361801
360,8900,64.91045296823748
360,8900,-64.91045296823748
360,9000,63.82367474245756
360,9000,-63.82367474245756
360,9100,63.0545153972581
360,9100,-63.0545153972581
360,9200,62.26333485105394
360,9200,-62.26333485105394
360,9300,61.49427904313128
360,9300,-61.49427904313128
360,9400,60.7251107023622
360,9400,-60.7251107023622
360,9500,59.95605489380411
360,9500,-59.95605489380411
360,9600,59.187887710584796
360,9600,-59.187887710584796
360,9700,58.424142064633756
360,9700,-58.424142064633756
360,9800,57.66028387211905
360,9800,-57.66028387211905
360,9900,56.89653821582533
360,9900,-56.89653821582533
