source_id,organization,title,url,local_file,sha256,scope
S01,GM,2016 Volt Voltec drive unit release,https://media.gm.com/content/dam/Media/microsites/product/Volt_2016/doc/VOLT_DRIVEUNIT.pdf,GM_Volt2016_DriveUnit.pdf,995852b06d533aec7a1271e758ff8fc347d457d2988c35b4aae28994e381266a,"1.5L DI, compression 12.5:1, cooled EGR, regular fuel; manufacturer overview"
S02,INL / DOE,2016 Volt baseline vehicle factsheet,https://avt.inl.gov/sites/default/files/pdf/phev/fact2016chevroletvolt.pdf,,,"Indexed primary PDF contents read; direct download 403. L3A 75kW@5600,140Nm@4300; generating45kW at vehicle level; nominal360V"
S03,GM / SAE,Conlon et al. 2015-01-1152,https://doi.org/10.4271/2015-01-1152,,,Original engine BSFC map referenced by S06; full SAE numeric array not obtained
S04,GM / SAE,Jurkovic et al. 2015-01-1208,https://doi.org/10.4271/2015-01-1208,,,Original Gen2 PMAC machine paper referenced by S06; raw Q4 array and test V/T not confirmed
S05,GM / SAE,Anwar et al. 2015-01-1201,https://doi.org/10.4271/2015-01-1201,,,Separate TPIM performance; raw numerical inverter map not obtained
S06,Castellano and Cammalleri,"Applied Sciences 2021,11,7779",https://doi.org/10.3390/app11177779,MDPI_PowerLosses_2021_vor.pdf,c64b8ddc4219d275d96064b0f9d707c541434e80530b094e37eccf086a35cc09,"OPEN CC BY; Figure4 reconstructed engine efficiency; Figure5 MGA(MG I),MGB(MG O) maps reused for both directions; vector paths extracted from p8 of downloaded earlier version"
S07,ANL,EVS30 2017 Vehicle level control analysis,https://www.citelec.org/EVS30/download.php?f=papers/EVS30-2460262.pdf,ANL_Voltec_Control_EVS30_2017.pdf,02209e640726c22dc66739a3d872b3231511979ac19b24c507bbd404c983df54,Production power-split modes/control; not a standalone series generator control map
S08,Bhasme et al. MTU,ICAVP2019 supervisory controller,https://sites.ualberta.ca/~mahdi/Docs/ICAVP19_MichiganTech_ChevyVoltModeling.pdf,MTU_Volt_Gen2_Controller_2019.pdf,6d27b0376bea4cfb4cfec603c559e5e2dc18083f2f616d8ca255b52e3f7eb967,"Table1: engine140Nm75kW,MGA118Nm48kW,MGB280Nm87kW; machine maps and TPIM treated separately. Table curb mass160kg apparent typo: not used"
S09,Hemmati et al.,Powertrain dynamics 2021 author preprint,https://doi.org/10.21203/rs.3.rs-536651/v1,Powertrain_Dynamics_2021.pdf,331c00c93eaec1667729452c1e6876404d2cd979fd2d9e7b32ca6e577861ea2d,CC BY preprint; Figures8/15 BSFC;16 multi-quadrant operation; startup/catalyst/transient fuel penalties described. No raw arrays used
S10,GM service manual,5ET50 general description,https://estimate.mymitchell.com/GMC/document/4/0/9/1/9/100304692_4091910_10188404.html,GM_ServiceManual_5ET50.html,85aa0ec3bc04415bef6fbcdd0c4de2339f910c7472a9a6ea9837d2b33cd552b6,"Two machines, planetary sets, integrated TPIM; extraction is a newly assumed coupling, not production Volt topology"
S11,GM / SAE,Jocsak et al. 2015-01-1272,https://doi.org/10.4271/2015-01-1272,,,Engine combustion design; raw Full load/fuel dataset not obtained
