rpm_engine_and_gen_1to1,engine_WOT_Nm,gen_fullLoad_abs_Nm,maximum_net_bus_kW,can_reach_65kW,engine_torque_Nm,generator_torque_Nm,engine_shaft_kW,gen_and_inverter_eta_pct,rectified_DC_before_converter_kW,net_bus_kW,fuel_g_s,fuel_kg_h,BSFC_g_kWh,status
3000,148.383424382,254.647908947,39.579359108,0,,,,,,,,,,INFEASIBLE_65kW_at_this_rpm_under_virtual_maps
3500,145.663423029,218.26963624,46.322576478,0,,,,,,,,,,INFEASIBLE_65kW_at_this_rpm_under_virtual_maps
4000,149.071265157,190.98593171,55.195441284,0,,,,,,,,,,INFEASIBLE_65kW_at_this_rpm_under_virtual_maps
4500,148.947488707,169.765272631,62.188087174,0,,,,,,,,,,INFEASIBLE_65kW_at_this_rpm_under_virtual_maps
4750,147.145930279,160.830258282,64.945937239,0,,,,,,,,,,INFEASIBLE_65kW_at_this_rpm_under_virtual_maps
5000,145.344371851,152.788745368,67.624910757,1,139.39781875,-139.39781875,72.988527218,93.221825,68.041237113,65.0,5.953656173,21.433162223,293.651112577,ASSUMED_warm_virtual_1to1_not_continuous_hardware_rating
5250,143.542813423,145.513090827,70.117923843,1,132.663315139,-132.663315139,72.935466842,93.289643652,68.041237113,65.0,6.111857397,22.002686628,301.673350161,ASSUMED_warm_virtual_1to1_not_continuous_hardware_rating
5500,138.898859426,138.898859426,71.07986169,1,126.646738523,-126.646738523,72.943284947,93.279644813,68.041237113,65.0,6.124410962,22.047879463,302.260577919,ASSUMED_warm_virtual_1to1_not_continuous_hardware_rating
5750,132.859778581,132.859778581,71.022898836,1,121.354898547,-121.354898547,73.072467736,93.114738316,68.041237113,65.0,6.078782448,21.883616813,299.478278085,ASSUMED_warm_virtual_1to1_not_continuous_hardware_rating
6000,127.323954474,127.323954474,70.905831913,1,116.594581032,-116.594581032,73.258535843,92.878237778,68.041237113,65.0,6.075720896,21.872595225,298.567190473,ASSUMED_warm_virtual_1to1_not_continuous_hardware_rating
6250,120.12012012,122.230996295,69.794167563,1,111.698129625,-111.698129625,73.106254885,93.071703947,68.041237113,65.0,6.073954436,21.866235971,299.102122046,ASSUMED_warm_virtual_1to1_not_continuous_hardware_rating
