Speed (rpm),Torque (N*m),Fuel mass flow (g_s)
0.0,-35.732910459,0.012860183
0.0,-17.441294705,0.024486085
0.0,0.850321048,0.038746567
0.0,7.63148903,0.040313643
0.0,14.9534405,0.041608625
0.0,22.45006137,0.044854887
0.0,29.937282059,0.050334853
0.0,37.526022626,0.056873675
0.0,44.998163078,0.062880371
0.0,52.490480706,0.068693669
0.0,59.994700833,0.074290416
0.0,67.466411867,0.078838178
0.0,75.063690194,0.083635212
0.0,82.415353378,0.095699366
0.0,90.031460403,0.129524409
0.0,97.334846197,0.194154581
0.0,105.038023006,0.294837966
0.0,112.553074866,0.413584548
0.0,117.700825338,0.496969439
0.0,126.034987378,0.629542935
0.0,135.04693292,0.764998718
0.0,141.883635335,0.864294605
0.0,148.196394595,0.954777404
0.0,157.745245245,1.090623385
431.04732038,-35.732910459,0.0
431.04732038,-17.441294705,0.031919065
431.04732038,0.850321048,0.072499657
431.04732038,7.63148903,0.085184747
431.04732038,14.9534405,0.101733291
431.04732038,22.45006137,0.12262439
431.04732038,29.937282059,0.14530327
431.04732038,37.526022626,0.166021593
431.04732038,44.998163078,0.185676548
431.04732038,52.490480706,0.20863188
431.04732038,59.994700833,0.236501572
431.04732038,67.466411867,0.267654839
431.04732038,75.063690194,0.298826787
431.04732038,82.415353378,0.327456894
431.04732038,90.031460403,0.36831124
431.04732038,97.334846197,0.445151744
431.04732038,105.038023006,0.570601149
431.04732038,112.553074866,0.708668507
431.04732038,117.700825338,0.800008631
431.04732038,126.034987378,0.938513981
431.04732038,135.04693292,1.080675381
431.04732038,141.883635335,1.186317519
431.04732038,148.196394595,1.283866067
431.04732038,157.745245245,1.433022652
862.094640761,-35.732910459,0.0
862.094640761,-17.441294705,0.040434214
862.094640761,0.850321048,0.103667823
862.094640761,7.63148903,0.128088832
862.094640761,14.9534405,0.165035136
862.094640761,22.45006137,0.202641631
862.094640761,29.937282059,0.240403068
862.094640761,37.526022626,0.27287409
862.094640761,44.998163078,0.308810182
862.094640761,52.490480706,0.349707037
862.094640761,59.994700833,0.395820972
862.094640761,67.466411867,0.447623776
862.094640761,75.063690194,0.504843734
862.094640761,82.415353378,0.561517949
862.094640761,90.031460403,0.627190815
862.094640761,97.334846197,0.709931865
862.094640761,105.038023006,0.852494836
862.094640761,112.553074866,0.995614786
862.094640761,117.700825338,1.091495589
862.094640761,126.034987378,1.242812216
862.094640761,135.04693292,1.395725254
862.094640761,141.883635335,1.508822732
862.094640761,148.196394595,1.614098183
862.094640761,157.745245245,1.776231616
998.379198104,-35.732910459,0.0
998.379198104,-17.441294705,0.043494477
998.379198104,0.850321048,0.116337838
998.379198104,7.63148903,0.144519769
998.379198104,14.9534405,0.186987359
998.379198104,22.45006137,0.229070004
998.379198104,29.937282059,0.269574069
998.379198104,37.526022626,0.30598184
998.379198104,44.998163078,0.348314228
998.379198104,52.490480706,0.395224922
998.379198104,59.994700833,0.445891105
998.379198104,67.466411867,0.501536928
998.379198104,75.063690194,0.564717454
998.379198104,82.415353378,0.633258933
998.379198104,90.031460403,0.719148173
998.379198104,97.334846197,0.803615368
998.379198104,105.038023006,0.942222079
998.379198104,112.553074866,1.080921668
998.379198104,117.700825338,1.1783824
998.379198104,126.034987378,1.338333204
998.379198104,135.04693292,1.49511498
998.379198104,141.883635335,1.61112809
998.379198104,148.196394595,1.719257361
998.379198104,157.745245245,1.884791989
1246.385647233,-35.732910459,0.0
1246.385647233,-17.441294705,0.049396541
1246.385647233,0.850321048,0.142420445
1246.385647233,7.63148903,0.179795258
1246.385647233,14.9534405,0.229639361
1246.385647233,22.45006137,0.279836187
1246.385647233,29.937282059,0.324895431
1246.385647233,37.526022626,0.370021347
1246.385647233,44.998163078,0.423332315
1246.385647233,52.490480706,0.479011126
1246.385647233,59.994700833,0.538137622
1246.385647233,67.466411867,0.596764969
1246.385647233,75.063690194,0.667768527
1246.385647233,82.415353378,0.760837812
1246.385647233,90.031460403,0.89577471
1246.385647233,97.334846197,0.988837673
1246.385647233,105.038023006,1.103851602
1246.385647233,112.553074866,1.230066383
1246.385647233,117.700825338,1.331230717
1246.385647233,126.034987378,1.511298307
1246.385647233,135.04693292,1.67568981
1246.385647233,141.883635335,1.797847618
1246.385647233,148.196394595,1.911532634
1246.385647233,157.745245245,2.08228712
1493.340319658,-35.732910459,0.0
1493.340319658,-17.441294705,0.055795762
1493.340319658,0.850321048,0.171271738
1493.340319658,7.63148903,0.217881086
1493.340319658,14.9534405,0.27580575
1493.340319658,22.45006137,0.333363386
1493.340319658,29.937282059,0.388571015
1493.340319658,37.526022626,0.442683051
1493.340319658,44.998163078,0.506808072
1493.340319658,52.490480706,0.57255587
1493.340319658,59.994700833,0.638498608
1493.340319658,67.466411867,0.70546062
1493.340319658,75.063690194,0.781643461
1493.340319658,82.415353378,0.883889143
1493.340319658,90.031460403,1.043164865
1493.340319658,97.334846197,1.140871974
1493.340319658,105.038023006,1.248517107
1493.340319658,112.553074866,1.364638147
1493.340319658,117.700825338,1.473299541
1493.340319658,126.034987378,1.678559761
1493.340319658,135.04693292,1.854868207
1493.340319658,141.883635335,1.986265979
1493.340319658,148.196394595,2.105488205
1493.340319658,157.745245245,2.278376535
1628.334719,-35.732910459,0.0
1628.334719,-17.441294705,0.059534486
1628.334719,0.850321048,0.189284758
1628.334719,7.63148903,0.239914421
1628.334719,14.9534405,0.301365164
1628.334719,22.45006137,0.363151191
1628.334719,29.937282059,0.424337208
1628.334719,37.526022626,0.484448089
1628.334719,44.998163078,0.553169322
1628.334719,52.490480706,0.624279805
1628.334719,59.994700833,0.696814065
1628.334719,67.466411867,0.769356667
1628.334719,75.063690194,0.850061665
1628.334719,82.415353378,0.950336165
1628.334719,90.031460403,1.102975977
1628.334719,97.334846197,1.210551079
1628.334719,105.038023006,1.316934612
1628.334719,112.553074866,1.4341199
1628.334719,117.700825338,1.548003461
1628.334719,126.034987378,1.764847259
1628.334719,135.04693292,1.953033706
1628.334719,141.883635335,2.090936812
1628.334719,148.196394595,2.212478034
1628.334719,157.745245245,2.385262769
1746.578197667,-35.732910459,0.0
1746.578197667,-17.441294705,0.062862677
1746.578197667,0.850321048,0.205143337
1746.578197667,7.63148903,0.25912043
1746.578197667,14.9534405,0.324048557
1746.578197667,22.45006137,0.38924466
1746.578197667,29.937282059,0.455648319
1746.578197667,37.526022626,0.521443732
1746.578197667,44.998163078,0.593939603
1746.578197667,52.490480706,0.669506255
1746.578197667,59.994700833,0.748634002
1746.578197667,67.466411867,0.826732609
1746.578197667,75.063690194,0.911099255
1746.578197667,82.415353378,1.008952161
1746.578197667,90.031460403,1.151861992
1746.578197667,97.334846197,1.263020395
1746.578197667,105.038023006,1.37324766
1746.578197667,112.553074866,1.494440917
1746.578197667,117.700825338,1.612540398
1746.578197667,126.034987378,1.836887663
1746.578197667,135.04693292,2.039434953
1746.578197667,141.883635335,2.183460051
1746.578197667,148.196394595,2.306527739
1746.578197667,157.745245245,2.478787988
1844.506494,-35.732910459,0.0
1844.506494,-17.441294705,0.065627567
1844.506494,0.850321048,0.217857345
1844.506494,7.63148903,0.274758001
1844.506494,14.9534405,0.343054736
1844.506494,22.45006137,0.410765054
1844.506494,29.937282059,0.481301335
1844.506494,37.526022626,0.552232778
1844.506494,44.998163078,0.627913035
1844.506494,52.490480706,0.706758847
1844.506494,59.994700833,0.79163404
1844.506494,67.466411867,0.874874844
1844.506494,75.063690194,0.96156925
1844.506494,82.415353378,1.058756672
1844.506494,90.031460403,1.192009251
1844.506494,97.334846197,1.301509116
1844.506494,105.038023006,1.417843553
1844.506494,112.553074866,1.545192893
1844.506494,117.700825338,1.665624878
1844.506494,126.034987378,1.893148087
1844.506494,135.04693292,2.111557267
1844.506494,141.883635335,2.260664087
1844.506494,148.196394595,2.384575937
1844.506494,157.745245245,2.556230089
1997.121425476,-35.732910459,0.0
1997.121425476,-17.441294705,0.069968608
1997.121425476,0.850321048,0.236975821
1997.121425476,7.63148903,0.298579646
1997.121425476,14.9534405,0.372949311
1997.121425476,22.45006137,0.444244233
1997.121425476,29.937282059,0.521165388
1997.121425476,37.526022626,0.600442055
1997.121425476,44.998163078,0.681239802
1997.121425476,52.490480706,0.764704468
1997.121425476,59.994700833,0.858088402
1997.121425476,67.466411867,0.950383831
1997.121425476,75.063690194,1.040431824
1997.121425476,82.415353378,1.138018511
1997.121425476,90.031460403,1.256069837
1997.121425476,97.334846197,1.357527614
1997.121425476,105.038023006,1.486384667
1997.121425476,112.553074866,1.625758194
1997.121425476,117.700825338,1.748926315
1997.121425476,126.034987378,1.97765067
1997.121425476,135.04693292,2.225872023
1997.121425476,141.883635335,2.382182876
1997.121425476,148.196394595,2.506448296
1997.121425476,157.745245245,2.67703957
2495.389229711,-35.732910459,0.0
2495.389229711,-17.441294705,0.085426956
2495.389229711,0.850321048,0.287538228
2495.389229711,7.63148903,0.371067236
2495.389229711,14.9534405,0.46509906
2495.389229711,22.45006137,0.559539285
2495.389229711,29.937282059,0.661530975
2495.389229711,37.526022626,0.762909046
2495.389229711,44.998163078,0.860000837
2495.389229711,52.490480706,0.965884871
2495.389229711,59.994700833,1.077812899
2495.389229711,67.466411867,1.176693334
2495.389229711,75.063690194,1.312902954
2495.389229711,82.415353378,1.422207057
2495.389229711,90.031460403,1.549818889
2495.389229711,97.334846197,1.675089638
2495.389229711,105.038023006,1.78750141
2495.389229711,112.553074866,1.947888444
2495.389229711,117.700825338,2.081114992
2495.389229711,126.034987378,2.302477868
2495.389229711,135.04693292,2.668322437
2495.389229711,141.883635335,2.799264608
2495.389229711,148.196394595,2.907695
2495.389229711,157.745245245,3.082264832
2994.955249763,-35.732910459,0.0
2994.955249763,-17.441294705,0.112747192
2994.955249763,0.850321048,0.359721982
2994.955249763,7.63148903,0.474993643
2994.955249763,14.9534405,0.594132584
2994.955249763,22.45006137,0.689756084
2994.955249763,29.937282059,0.802736072
2994.955249763,37.526022626,0.924872208
2994.955249763,44.998163078,1.047213464
2994.955249763,52.490480706,1.182351034
2994.955249763,59.994700833,1.30470126
2994.955249763,67.466411867,1.437524588
2994.955249763,75.063690194,1.581337885
2994.955249763,82.415353378,1.713342799
2994.955249763,90.031460403,1.843976808
2994.955249763,97.334846197,1.970663309
2994.955249763,105.038023006,2.129119036
2994.955249763,112.553074866,2.308088929
2994.955249763,117.700825338,2.445746417
2994.955249763,126.034987378,2.690365495
2994.955249763,135.04693292,2.971598098
2994.955249763,141.883635335,3.161689942
2994.955249763,148.196394595,3.336037386
2994.955249763,157.745245245,3.601294592
3244.553506,-35.732910459,0.0
3244.553506,-17.441294705,0.131078158
3244.553506,0.850321048,0.409426426
3244.553506,7.63148903,0.519075621
3244.553506,14.9534405,0.64237545
3244.553506,22.45006137,0.760298459
3244.553506,29.937282059,0.884906767
3244.553506,37.526022626,1.020725601
3244.553506,44.998163078,1.162020964
3244.553506,52.490480706,1.302365929
3244.553506,59.994700833,1.434299581
3244.553506,67.466411867,1.578595086
3244.553506,75.063690194,1.728288068
3244.553506,82.415353378,1.872063631
3244.553506,90.031460403,2.015222121
3244.553506,97.334846197,2.150569477
3244.553506,105.038023006,2.326055602
3244.553506,112.553074866,2.512702776
3244.553506,117.700825338,2.645935014
3244.553506,126.034987378,2.872158403
3244.553506,135.04693292,3.160758637
3244.553506,141.883635335,3.38093598
3244.553506,148.196394595,3.589872448
3244.553506,157.745245245,3.912780342
3493.872363447,-35.732910459,0.0
3493.872363447,-17.441294705,0.151151628
3493.872363447,0.850321048,0.455359482
3493.872363447,7.63148903,0.565311765
3493.872363447,14.9534405,0.697758459
3493.872363447,22.45006137,0.836356123
3493.872363447,29.937282059,0.976606727
3493.872363447,37.526022626,1.126607148
3493.872363447,44.998163078,1.284021931
3493.872363447,52.490480706,1.432259256
3493.872363447,59.994700833,1.572596729
3493.872363447,67.466411867,1.726624234
3493.872363447,75.063690194,1.87929181
3493.872363447,82.415353378,2.035662577
3493.872363447,90.031460403,2.193299608
3493.872363447,97.334846197,2.339693978
3493.872363447,105.038023006,2.529959709
3493.872363447,112.553074866,2.722166386
3493.872363447,117.700825338,2.856355346
3493.872363447,126.034987378,3.077312106
3493.872363447,135.04693292,3.379301782
3493.872363447,141.883635335,3.623610271
3493.872363447,148.196394595,3.86708472
3493.872363447,157.745245245,4.251407019
3744.15655,-35.732910459,0.0
3744.15655,-17.441294705,0.172640317
3744.15655,0.850321048,0.504515539
3744.15655,7.63148903,0.624944435
3744.15655,14.9534405,0.770269782
3744.15655,22.45006137,0.923620553
3744.15655,29.937282059,1.083534701
3744.15655,37.526022626,1.247799016
3744.15655,44.998163078,1.4114934
3744.15655,52.490480706,1.572837729
3744.15655,59.994700833,1.727148373
3744.15655,67.466411867,1.88375275
3744.15655,75.063690194,2.033770104
3744.15655,82.415353378,2.202801328
3744.15655,90.031460403,2.370343559
3744.15655,97.334846197,2.542447051
3744.15655,105.038023006,2.735402913
3744.15655,112.553074866,2.930867231
3744.15655,117.700825338,3.078494041
3744.15655,126.034987378,3.341837082
3744.15655,135.04693292,3.636611904
3744.15655,141.883635335,3.899938849
3744.15655,148.196394595,4.175106818
3744.15655,157.745245245,4.622807505
3993.635655447,-35.732910459,0.0
3993.635655447,-17.441294705,0.195047572
3993.635655447,0.850321048,0.557253318
3993.635655447,7.63148903,0.689221644
3993.635655447,14.9534405,0.850911999
3993.635655447,22.45006137,1.014733206
3993.635655447,29.937282059,1.193843557
3993.635655447,37.526022626,1.370874257
3993.635655447,44.998163078,1.537555932
3993.635655447,52.490480706,1.714106447
3993.635655447,59.994700833,1.881777204
3993.635655447,67.466411867,2.042493806
3993.635655447,75.063690194,2.200605257
3993.635655447,82.415353378,2.373743655
3993.635655447,90.031460403,2.546059075
3993.635655447,97.334846197,2.747825578
3993.635655447,105.038023006,2.941383344
3993.635655447,112.553074866,3.139674059
3993.635655447,117.700825338,3.305794575
3993.635655447,126.034987378,3.62698886
3993.635655447,135.04693292,3.917234376
3993.635655447,141.883635335,4.202019926
3993.635655447,148.196394595,4.515314871
3993.635655447,157.745245245,5.026753895
4493.244581868,-35.732910459,0.0
4493.244581868,-17.441294705,0.243100697
4493.244581868,0.850321048,0.66747405
4493.244581868,7.63148903,0.82704247
4493.244581868,14.9534405,1.000538105
4493.244581868,22.45006137,1.19036141
4493.244581868,29.937282059,1.378314411
4493.244581868,37.526022626,1.574342912
4493.244581868,44.998163078,1.758468505
4493.244581868,52.490480706,1.950952516
4493.244581868,59.994700833,2.142527266
4493.244581868,67.466411867,2.308393877
4493.244581868,75.063690194,2.501407316
4493.244581868,82.415353378,2.703389126
4493.244581868,90.031460403,2.913411379
4493.244581868,97.334846197,3.133119943
4493.244581868,105.038023006,3.343118655
4493.244581868,112.553074866,3.588253657
4493.244581868,117.700825338,3.777660454
4493.244581868,126.034987378,4.094722484
4493.244581868,135.04693292,4.537804106
4493.244581868,141.883635335,4.931930321
4493.244581868,148.196394595,5.35059617
4493.244581868,157.745245245,5.985439122
4996.622290934,-35.732910459,0.0
4996.622290934,-17.441294705,0.293602736
4996.622290934,0.850321048,0.783824646
4996.622290934,7.63148903,0.967141893
4996.622290934,14.9534405,1.164999306
4996.622290934,22.45006137,1.368646686
4996.622290934,29.937282059,1.573179332
4996.622290934,37.526022626,1.784529988
4996.622290934,44.998163078,1.997214594
4996.622290934,52.490480706,2.217145135
4996.622290934,59.994700833,2.442086202
4996.622290934,67.466411867,2.665500108
4996.622290934,75.063690194,2.891824124
4996.622290934,82.415353378,3.10248541
4996.622290934,90.031460403,3.319458629
4996.622290934,97.334846197,3.541946051
4996.622290934,105.038023006,3.815214059
4996.622290934,112.553074866,4.163290268
4996.622290934,117.700825338,4.451314685
4996.622290934,126.034987378,4.995649402
4996.622290934,135.04693292,5.64840793
4996.622290934,141.883635335,6.113941169
4996.622290934,148.196394595,6.53307084
4996.622290934,157.745245245,7.159797195
5500.0,-35.732910459,0.0
5500.0,-17.441294705,0.345580278
5500.0,0.850321048,0.898806376
5500.0,7.63148903,1.105468655
5500.0,14.9534405,1.327526126
5500.0,22.45006137,1.546773543
5500.0,29.937282059,1.767678757
5500.0,37.526022626,1.998922117
5500.0,44.998163078,2.237446912
5500.0,52.490480706,2.489615109
5500.0,59.994700833,2.757309995
5500.0,67.466411867,3.036940097
5500.0,75.063690194,3.317788626
5500.0,82.415353378,3.54019173
5500.0,90.031460403,3.774452125
5500.0,97.334846197,4.031745893
5500.0,105.038023006,4.369806398
5500.0,112.553074866,4.823561736
5500.0,117.700825338,5.246864752
5500.0,126.034987378,6.061872335
5500.0,135.04693292,6.983153321
5500.0,141.883635335,7.45478845
5500.0,148.196394595,7.859648265
5500.0,157.745245245,8.478897936
6187.5,-35.732910459,0.0
6187.5,-17.441294705,0.417739888
6187.5,0.850321048,1.045135532
6187.5,7.63148903,1.274957259
6187.5,14.9534405,1.521570187
6187.5,22.45006137,1.772778865
6187.5,29.937282059,2.025935214
6187.5,37.526022626,2.289853094
6187.5,44.998163078,2.561608666
6187.5,52.490480706,2.848837842
6187.5,59.994700833,3.151613837
6187.5,67.466411867,3.464728272
6187.5,75.063690194,3.790004844
6187.5,82.415353378,4.113158473
6187.5,90.031460403,4.476729251
6187.5,97.334846197,4.88271708
6187.5,105.038023006,5.40498425
6187.5,112.553074866,6.035859258
6187.5,117.700825338,6.525981162
6187.5,126.034987378,7.400250068
6187.5,135.04693292,8.363593593
6187.5,141.883635335,9.032927829
6187.5,148.196394595,9.615110144
6187.5,157.745245245,10.452838789
6875.0,-35.732910459,0.0
6875.0,-17.441294705,0.488788316
6875.0,0.850321048,1.182797462
6875.0,7.63148903,1.43720738
6875.0,14.9534405,1.711514377
6875.0,22.45006137,1.99338508
6875.0,29.937282059,2.277911728
6875.0,37.526022626,2.571992823
6875.0,44.998163078,2.870437364
6875.0,52.490480706,3.182617081
6875.0,59.994700833,3.514117154
6875.0,67.466411867,3.871376666
6875.0,75.063690194,4.274835284
6875.0,82.415353378,4.717580732
6875.0,90.031460403,5.243380055
6875.0,97.334846197,5.820852635
6875.0,105.038023006,6.510710591
6875.0,112.553074866,7.257584985
6875.0,117.700825338,7.797182168
6875.0,126.034987378,8.71269057
6875.0,135.04693292,9.751739479
6875.0,141.883635335,10.556730576
6875.0,148.196394595,11.303265059
6875.0,157.745245245,12.431561749
