rpm,torque_Nm,inside_envelope,status
0.0,-35.732910459,0,map_extension_not_operating_point
0.0,-17.441294705,0,map_extension_not_operating_point
0.0,0.850321048,0,map_extension_not_operating_point
0.0,7.63148903,0,map_extension_not_operating_point
0.0,14.9534405,0,map_extension_not_operating_point
0.0,22.45006137,0,map_extension_not_operating_point
0.0,29.937282059,0,map_extension_not_operating_point
0.0,37.526022626,0,map_extension_not_operating_point
0.0,44.998163078,0,map_extension_not_operating_point
0.0,52.490480706,0,map_extension_not_operating_point
0.0,59.994700833,0,map_extension_not_operating_point
0.0,67.466411867,0,map_extension_not_operating_point
0.0,75.063690194,0,map_extension_not_operating_point
0.0,82.415353378,0,map_extension_not_operating_point
0.0,90.031460403,0,map_extension_not_operating_point
0.0,97.334846197,0,map_extension_not_operating_point
0.0,105.038023006,0,map_extension_not_operating_point
0.0,112.553074866,0,map_extension_not_operating_point
0.0,117.700825338,0,map_extension_not_operating_point
0.0,126.034987378,0,map_extension_not_operating_point
0.0,135.04693292,0,map_extension_not_operating_point
0.0,141.883635335,0,map_extension_not_operating_point
0.0,148.196394595,0,map_extension_not_operating_point
0.0,157.745245245,0,map_extension_not_operating_point
431.04732038,-35.732910459,0,map_extension_not_operating_point
431.04732038,-17.441294705,0,map_extension_not_operating_point
431.04732038,0.850321048,0,map_extension_not_operating_point
431.04732038,7.63148903,0,map_extension_not_operating_point
431.04732038,14.9534405,0,map_extension_not_operating_point
431.04732038,22.45006137,0,map_extension_not_operating_point
431.04732038,29.937282059,0,map_extension_not_operating_point
431.04732038,37.526022626,0,map_extension_not_operating_point
431.04732038,44.998163078,0,map_extension_not_operating_point
431.04732038,52.490480706,0,map_extension_not_operating_point
431.04732038,59.994700833,0,map_extension_not_operating_point
431.04732038,67.466411867,0,map_extension_not_operating_point
431.04732038,75.063690194,0,map_extension_not_operating_point
431.04732038,82.415353378,0,map_extension_not_operating_point
431.04732038,90.031460403,0,map_extension_not_operating_point
431.04732038,97.334846197,0,map_extension_not_operating_point
431.04732038,105.038023006,0,map_extension_not_operating_point
431.04732038,112.553074866,0,map_extension_not_operating_point
431.04732038,117.700825338,0,map_extension_not_operating_point
431.04732038,126.034987378,0,map_extension_not_operating_point
431.04732038,135.04693292,0,map_extension_not_operating_point
431.04732038,141.883635335,0,map_extension_not_operating_point
431.04732038,148.196394595,0,map_extension_not_operating_point
431.04732038,157.745245245,0,map_extension_not_operating_point
862.094640761,-35.732910459,0,map_extension_not_operating_point
862.094640761,-17.441294705,0,map_extension_not_operating_point
862.094640761,0.850321048,1,inside_envelope
862.094640761,7.63148903,1,inside_envelope
862.094640761,14.9534405,1,inside_envelope
862.094640761,22.45006137,1,inside_envelope
862.094640761,29.937282059,1,inside_envelope
862.094640761,37.526022626,1,inside_envelope
862.094640761,44.998163078,1,inside_envelope
862.094640761,52.490480706,1,inside_envelope
862.094640761,59.994700833,1,inside_envelope
862.094640761,67.466411867,1,inside_envelope
862.094640761,75.063690194,1,inside_envelope
862.094640761,82.415353378,1,inside_envelope
862.094640761,90.031460403,0,map_extension_not_operating_point
862.094640761,97.334846197,0,map_extension_not_operating_point
862.094640761,105.038023006,0,map_extension_not_operating_point
862.094640761,112.553074866,0,map_extension_not_operating_point
862.094640761,117.700825338,0,map_extension_not_operating_point
862.094640761,126.034987378,0,map_extension_not_operating_point
862.094640761,135.04693292,0,map_extension_not_operating_point
862.094640761,141.883635335,0,map_extension_not_operating_point
862.094640761,148.196394595,0,map_extension_not_operating_point
862.094640761,157.745245245,0,map_extension_not_operating_point
998.379198104,-35.732910459,0,map_extension_not_operating_point
998.379198104,-17.441294705,0,map_extension_not_operating_point
998.379198104,0.850321048,1,inside_envelope
998.379198104,7.63148903,1,inside_envelope
998.379198104,14.9534405,1,inside_envelope
998.379198104,22.45006137,1,inside_envelope
998.379198104,29.937282059,1,inside_envelope
998.379198104,37.526022626,1,inside_envelope
998.379198104,44.998163078,1,inside_envelope
998.379198104,52.490480706,1,inside_envelope
998.379198104,59.994700833,1,inside_envelope
998.379198104,67.466411867,1,inside_envelope
998.379198104,75.063690194,1,inside_envelope
998.379198104,82.415353378,1,inside_envelope
998.379198104,90.031460403,1,inside_envelope
998.379198104,97.334846197,1,inside_envelope
998.379198104,105.038023006,0,map_extension_not_operating_point
998.379198104,112.553074866,0,map_extension_not_operating_point
998.379198104,117.700825338,0,map_extension_not_operating_point
998.379198104,126.034987378,0,map_extension_not_operating_point
998.379198104,135.04693292,0,map_extension_not_operating_point
998.379198104,141.883635335,0,map_extension_not_operating_point
998.379198104,148.196394595,0,map_extension_not_operating_point
998.379198104,157.745245245,0,map_extension_not_operating_point
1246.385647233,-35.732910459,0,map_extension_not_operating_point
1246.385647233,-17.441294705,0,map_extension_not_operating_point
1246.385647233,0.850321048,1,inside_envelope
1246.385647233,7.63148903,1,inside_envelope
1246.385647233,14.9534405,1,inside_envelope
1246.385647233,22.45006137,1,inside_envelope
1246.385647233,29.937282059,1,inside_envelope
1246.385647233,37.526022626,1,inside_envelope
1246.385647233,44.998163078,1,inside_envelope
1246.385647233,52.490480706,1,inside_envelope
1246.385647233,59.994700833,1,inside_envelope
1246.385647233,67.466411867,1,inside_envelope
1246.385647233,75.063690194,1,inside_envelope
1246.385647233,82.415353378,1,inside_envelope
1246.385647233,90.031460403,1,inside_envelope
1246.385647233,97.334846197,1,inside_envelope
1246.385647233,105.038023006,1,inside_envelope
1246.385647233,112.553074866,1,inside_envelope
1246.385647233,117.700825338,0,map_extension_not_operating_point
1246.385647233,126.034987378,0,map_extension_not_operating_point
1246.385647233,135.04693292,0,map_extension_not_operating_point
1246.385647233,141.883635335,0,map_extension_not_operating_point
1246.385647233,148.196394595,0,map_extension_not_operating_point
1246.385647233,157.745245245,0,map_extension_not_operating_point
1493.340319658,-35.732910459,0,map_extension_not_operating_point
1493.340319658,-17.441294705,0,map_extension_not_operating_point
1493.340319658,0.850321048,1,inside_envelope
1493.340319658,7.63148903,1,inside_envelope
1493.340319658,14.9534405,1,inside_envelope
1493.340319658,22.45006137,1,inside_envelope
1493.340319658,29.937282059,1,inside_envelope
1493.340319658,37.526022626,1,inside_envelope
1493.340319658,44.998163078,1,inside_envelope
1493.340319658,52.490480706,1,inside_envelope
1493.340319658,59.994700833,1,inside_envelope
1493.340319658,67.466411867,1,inside_envelope
1493.340319658,75.063690194,1,inside_envelope
1493.340319658,82.415353378,1,inside_envelope
1493.340319658,90.031460403,1,inside_envelope
1493.340319658,97.334846197,1,inside_envelope
1493.340319658,105.038023006,1,inside_envelope
1493.340319658,112.553074866,1,inside_envelope
1493.340319658,117.700825338,1,inside_envelope
1493.340319658,126.034987378,0,map_extension_not_operating_point
1493.340319658,135.04693292,0,map_extension_not_operating_point
1493.340319658,141.883635335,0,map_extension_not_operating_point
1493.340319658,148.196394595,0,map_extension_not_operating_point
1493.340319658,157.745245245,0,map_extension_not_operating_point
1628.334719,-35.732910459,0,map_extension_not_operating_point
1628.334719,-17.441294705,0,map_extension_not_operating_point
1628.334719,0.850321048,1,inside_envelope
1628.334719,7.63148903,1,inside_envelope
1628.334719,14.9534405,1,inside_envelope
1628.334719,22.45006137,1,inside_envelope
1628.334719,29.937282059,1,inside_envelope
1628.334719,37.526022626,1,inside_envelope
1628.334719,44.998163078,1,inside_envelope
1628.334719,52.490480706,1,inside_envelope
1628.334719,59.994700833,1,inside_envelope
1628.334719,67.466411867,1,inside_envelope
1628.334719,75.063690194,1,inside_envelope
1628.334719,82.415353378,1,inside_envelope
1628.334719,90.031460403,1,inside_envelope
1628.334719,97.334846197,1,inside_envelope
1628.334719,105.038023006,1,inside_envelope
1628.334719,112.553074866,1,inside_envelope
1628.334719,117.700825338,1,inside_envelope
1628.334719,126.034987378,0,map_extension_not_operating_point
1628.334719,135.04693292,0,map_extension_not_operating_point
1628.334719,141.883635335,0,map_extension_not_operating_point
1628.334719,148.196394595,0,map_extension_not_operating_point
1628.334719,157.745245245,0,map_extension_not_operating_point
1746.578197667,-35.732910459,0,map_extension_not_operating_point
1746.578197667,-17.441294705,0,map_extension_not_operating_point
1746.578197667,0.850321048,1,inside_envelope
1746.578197667,7.63148903,1,inside_envelope
1746.578197667,14.9534405,1,inside_envelope
1746.578197667,22.45006137,1,inside_envelope
1746.578197667,29.937282059,1,inside_envelope
1746.578197667,37.526022626,1,inside_envelope
1746.578197667,44.998163078,1,inside_envelope
1746.578197667,52.490480706,1,inside_envelope
1746.578197667,59.994700833,1,inside_envelope
1746.578197667,67.466411867,1,inside_envelope
1746.578197667,75.063690194,1,inside_envelope
1746.578197667,82.415353378,1,inside_envelope
1746.578197667,90.031460403,1,inside_envelope
1746.578197667,97.334846197,1,inside_envelope
1746.578197667,105.038023006,1,inside_envelope
1746.578197667,112.553074866,1,inside_envelope
1746.578197667,117.700825338,1,inside_envelope
1746.578197667,126.034987378,0,map_extension_not_operating_point
1746.578197667,135.04693292,0,map_extension_not_operating_point
1746.578197667,141.883635335,0,map_extension_not_operating_point
1746.578197667,148.196394595,0,map_extension_not_operating_point
1746.578197667,157.745245245,0,map_extension_not_operating_point
1844.506494,-35.732910459,0,map_extension_not_operating_point
1844.506494,-17.441294705,0,map_extension_not_operating_point
1844.506494,0.850321048,1,inside_envelope
1844.506494,7.63148903,1,inside_envelope
1844.506494,14.9534405,1,inside_envelope
1844.506494,22.45006137,1,inside_envelope
1844.506494,29.937282059,1,inside_envelope
1844.506494,37.526022626,1,inside_envelope
1844.506494,44.998163078,1,inside_envelope
1844.506494,52.490480706,1,inside_envelope
1844.506494,59.994700833,1,inside_envelope
1844.506494,67.466411867,1,inside_envelope
1844.506494,75.063690194,1,inside_envelope
1844.506494,82.415353378,1,inside_envelope
1844.506494,90.031460403,1,inside_envelope
1844.506494,97.334846197,1,inside_envelope
1844.506494,105.038023006,1,inside_envelope
1844.506494,112.553074866,1,inside_envelope
1844.506494,117.700825338,1,inside_envelope
1844.506494,126.034987378,1,inside_envelope
1844.506494,135.04693292,0,map_extension_not_operating_point
1844.506494,141.883635335,0,map_extension_not_operating_point
1844.506494,148.196394595,0,map_extension_not_operating_point
1844.506494,157.745245245,0,map_extension_not_operating_point
1997.121425476,-35.732910459,0,map_extension_not_operating_point
1997.121425476,-17.441294705,0,map_extension_not_operating_point
1997.121425476,0.850321048,1,inside_envelope
1997.121425476,7.63148903,1,inside_envelope
1997.121425476,14.9534405,1,inside_envelope
1997.121425476,22.45006137,1,inside_envelope
1997.121425476,29.937282059,1,inside_envelope
1997.121425476,37.526022626,1,inside_envelope
1997.121425476,44.998163078,1,inside_envelope
1997.121425476,52.490480706,1,inside_envelope
1997.121425476,59.994700833,1,inside_envelope
1997.121425476,67.466411867,1,inside_envelope
1997.121425476,75.063690194,1,inside_envelope
1997.121425476,82.415353378,1,inside_envelope
1997.121425476,90.031460403,1,inside_envelope
1997.121425476,97.334846197,1,inside_envelope
1997.121425476,105.038023006,1,inside_envelope
1997.121425476,112.553074866,1,inside_envelope
1997.121425476,117.700825338,1,inside_envelope
1997.121425476,126.034987378,1,inside_envelope
1997.121425476,135.04693292,1,inside_envelope
1997.121425476,141.883635335,0,map_extension_not_operating_point
1997.121425476,148.196394595,0,map_extension_not_operating_point
1997.121425476,157.745245245,0,map_extension_not_operating_point
2495.389229711,-35.732910459,0,map_extension_not_operating_point
2495.389229711,-17.441294705,0,map_extension_not_operating_point
2495.389229711,0.850321048,1,inside_envelope
2495.389229711,7.63148903,1,inside_envelope
2495.389229711,14.9534405,1,inside_envelope
2495.389229711,22.45006137,1,inside_envelope
2495.389229711,29.937282059,1,inside_envelope
2495.389229711,37.526022626,1,inside_envelope
2495.389229711,44.998163078,1,inside_envelope
2495.389229711,52.490480706,1,inside_envelope
2495.389229711,59.994700833,1,inside_envelope
2495.389229711,67.466411867,1,inside_envelope
2495.389229711,75.063690194,1,inside_envelope
2495.389229711,82.415353378,1,inside_envelope
2495.389229711,90.031460403,1,inside_envelope
2495.389229711,97.334846197,1,inside_envelope
2495.389229711,105.038023006,1,inside_envelope
2495.389229711,112.553074866,1,inside_envelope
2495.389229711,117.700825338,1,inside_envelope
2495.389229711,126.034987378,1,inside_envelope
2495.389229711,135.04693292,1,inside_envelope
2495.389229711,141.883635335,0,map_extension_not_operating_point
2495.389229711,148.196394595,0,map_extension_not_operating_point
2495.389229711,157.745245245,0,map_extension_not_operating_point
2994.955249763,-35.732910459,0,map_extension_not_operating_point
2994.955249763,-17.441294705,1,inside_envelope
2994.955249763,0.850321048,1,inside_envelope
2994.955249763,7.63148903,1,inside_envelope
2994.955249763,14.9534405,1,inside_envelope
2994.955249763,22.45006137,1,inside_envelope
2994.955249763,29.937282059,1,inside_envelope
2994.955249763,37.526022626,1,inside_envelope
2994.955249763,44.998163078,1,inside_envelope
2994.955249763,52.490480706,1,inside_envelope
2994.955249763,59.994700833,1,inside_envelope
2994.955249763,67.466411867,1,inside_envelope
2994.955249763,75.063690194,1,inside_envelope
2994.955249763,82.415353378,1,inside_envelope
2994.955249763,90.031460403,1,inside_envelope
2994.955249763,97.334846197,1,inside_envelope
2994.955249763,105.038023006,1,inside_envelope
2994.955249763,112.553074866,1,inside_envelope
2994.955249763,117.700825338,1,inside_envelope
2994.955249763,126.034987378,1,inside_envelope
2994.955249763,135.04693292,1,inside_envelope
2994.955249763,141.883635335,1,inside_envelope
2994.955249763,148.196394595,1,inside_envelope
2994.955249763,157.745245245,0,map_extension_not_operating_point
3244.553506,-35.732910459,0,map_extension_not_operating_point
3244.553506,-17.441294705,1,inside_envelope
3244.553506,0.850321048,1,inside_envelope
3244.553506,7.63148903,1,inside_envelope
3244.553506,14.9534405,1,inside_envelope
3244.553506,22.45006137,1,inside_envelope
3244.553506,29.937282059,1,inside_envelope
3244.553506,37.526022626,1,inside_envelope
3244.553506,44.998163078,1,inside_envelope
3244.553506,52.490480706,1,inside_envelope
3244.553506,59.994700833,1,inside_envelope
3244.553506,67.466411867,1,inside_envelope
3244.553506,75.063690194,1,inside_envelope
3244.553506,82.415353378,1,inside_envelope
3244.553506,90.031460403,1,inside_envelope
3244.553506,97.334846197,1,inside_envelope
3244.553506,105.038023006,1,inside_envelope
3244.553506,112.553074866,1,inside_envelope
3244.553506,117.700825338,1,inside_envelope
3244.553506,126.034987378,1,inside_envelope
3244.553506,135.04693292,1,inside_envelope
3244.553506,141.883635335,1,inside_envelope
3244.553506,148.196394595,1,inside_envelope
3244.553506,157.745245245,0,map_extension_not_operating_point
3493.872363447,-35.732910459,0,map_extension_not_operating_point
3493.872363447,-17.441294705,1,inside_envelope
3493.872363447,0.850321048,1,inside_envelope
3493.872363447,7.63148903,1,inside_envelope
3493.872363447,14.9534405,1,inside_envelope
3493.872363447,22.45006137,1,inside_envelope
3493.872363447,29.937282059,1,inside_envelope
3493.872363447,37.526022626,1,inside_envelope
3493.872363447,44.998163078,1,inside_envelope
3493.872363447,52.490480706,1,inside_envelope
3493.872363447,59.994700833,1,inside_envelope
3493.872363447,67.466411867,1,inside_envelope
3493.872363447,75.063690194,1,inside_envelope
3493.872363447,82.415353378,1,inside_envelope
3493.872363447,90.031460403,1,inside_envelope
3493.872363447,97.334846197,1,inside_envelope
3493.872363447,105.038023006,1,inside_envelope
3493.872363447,112.553074866,1,inside_envelope
3493.872363447,117.700825338,1,inside_envelope
3493.872363447,126.034987378,1,inside_envelope
3493.872363447,135.04693292,1,inside_envelope
3493.872363447,141.883635335,1,inside_envelope
3493.872363447,148.196394595,0,map_extension_not_operating_point
3493.872363447,157.745245245,0,map_extension_not_operating_point
3744.15655,-35.732910459,0,map_extension_not_operating_point
3744.15655,-17.441294705,1,inside_envelope
3744.15655,0.850321048,1,inside_envelope
3744.15655,7.63148903,1,inside_envelope
3744.15655,14.9534405,1,inside_envelope
3744.15655,22.45006137,1,inside_envelope
3744.15655,29.937282059,1,inside_envelope
3744.15655,37.526022626,1,inside_envelope
3744.15655,44.998163078,1,inside_envelope
3744.15655,52.490480706,1,inside_envelope
3744.15655,59.994700833,1,inside_envelope
3744.15655,67.466411867,1,inside_envelope
3744.15655,75.063690194,1,inside_envelope
3744.15655,82.415353378,1,inside_envelope
3744.15655,90.031460403,1,inside_envelope
3744.15655,97.334846197,1,inside_envelope
3744.15655,105.038023006,1,inside_envelope
3744.15655,112.553074866,1,inside_envelope
3744.15655,117.700825338,1,inside_envelope
3744.15655,126.034987378,1,inside_envelope
3744.15655,135.04693292,1,inside_envelope
3744.15655,141.883635335,1,inside_envelope
3744.15655,148.196394595,0,map_extension_not_operating_point
3744.15655,157.745245245,0,map_extension_not_operating_point
3993.635655447,-35.732910459,0,map_extension_not_operating_point
3993.635655447,-17.441294705,1,inside_envelope
3993.635655447,0.850321048,1,inside_envelope
3993.635655447,7.63148903,1,inside_envelope
3993.635655447,14.9534405,1,inside_envelope
3993.635655447,22.45006137,1,inside_envelope
3993.635655447,29.937282059,1,inside_envelope
3993.635655447,37.526022626,1,inside_envelope
3993.635655447,44.998163078,1,inside_envelope
3993.635655447,52.490480706,1,inside_envelope
3993.635655447,59.994700833,1,inside_envelope
3993.635655447,67.466411867,1,inside_envelope
3993.635655447,75.063690194,1,inside_envelope
3993.635655447,82.415353378,1,inside_envelope
3993.635655447,90.031460403,1,inside_envelope
3993.635655447,97.334846197,1,inside_envelope
3993.635655447,105.038023006,1,inside_envelope
3993.635655447,112.553074866,1,inside_envelope
3993.635655447,117.700825338,1,inside_envelope
3993.635655447,126.034987378,1,inside_envelope
3993.635655447,135.04693292,1,inside_envelope
3993.635655447,141.883635335,1,inside_envelope
3993.635655447,148.196394595,1,inside_envelope
3993.635655447,157.745245245,0,map_extension_not_operating_point
4493.244581868,-35.732910459,0,map_extension_not_operating_point
4493.244581868,-17.441294705,1,inside_envelope
4493.244581868,0.850321048,1,inside_envelope
4493.244581868,7.63148903,1,inside_envelope
4493.244581868,14.9534405,1,inside_envelope
4493.244581868,22.45006137,1,inside_envelope
4493.244581868,29.937282059,1,inside_envelope
4493.244581868,37.526022626,1,inside_envelope
4493.244581868,44.998163078,1,inside_envelope
4493.244581868,52.490480706,1,inside_envelope
4493.244581868,59.994700833,1,inside_envelope
4493.244581868,67.466411867,1,inside_envelope
4493.244581868,75.063690194,1,inside_envelope
4493.244581868,82.415353378,1,inside_envelope
4493.244581868,90.031460403,1,inside_envelope
4493.244581868,97.334846197,1,inside_envelope
4493.244581868,105.038023006,1,inside_envelope
4493.244581868,112.553074866,1,inside_envelope
4493.244581868,117.700825338,1,inside_envelope
4493.244581868,126.034987378,1,inside_envelope
4493.244581868,135.04693292,1,inside_envelope
4493.244581868,141.883635335,1,inside_envelope
4493.244581868,148.196394595,1,inside_envelope
4493.244581868,157.745245245,0,map_extension_not_operating_point
4996.622290934,-35.732910459,0,map_extension_not_operating_point
4996.622290934,-17.441294705,1,inside_envelope
4996.622290934,0.850321048,1,inside_envelope
4996.622290934,7.63148903,1,inside_envelope
4996.622290934,14.9534405,1,inside_envelope
4996.622290934,22.45006137,1,inside_envelope
4996.622290934,29.937282059,1,inside_envelope
4996.622290934,37.526022626,1,inside_envelope
4996.622290934,44.998163078,1,inside_envelope
4996.622290934,52.490480706,1,inside_envelope
4996.622290934,59.994700833,1,inside_envelope
4996.622290934,67.466411867,1,inside_envelope
4996.622290934,75.063690194,1,inside_envelope
4996.622290934,82.415353378,1,inside_envelope
4996.622290934,90.031460403,1,inside_envelope
4996.622290934,97.334846197,1,inside_envelope
4996.622290934,105.038023006,1,inside_envelope
4996.622290934,112.553074866,1,inside_envelope
4996.622290934,117.700825338,1,inside_envelope
4996.622290934,126.034987378,1,inside_envelope
4996.622290934,135.04693292,1,inside_envelope
4996.622290934,141.883635335,1,inside_envelope
4996.622290934,148.196394595,0,map_extension_not_operating_point
4996.622290934,157.745245245,0,map_extension_not_operating_point
5500.0,-35.732910459,0,map_extension_not_operating_point
5500.0,-17.441294705,1,inside_envelope
5500.0,0.850321048,1,inside_envelope
5500.0,7.63148903,1,inside_envelope
5500.0,14.9534405,1,inside_envelope
5500.0,22.45006137,1,inside_envelope
5500.0,29.937282059,1,inside_envelope
5500.0,37.526022626,1,inside_envelope
5500.0,44.998163078,1,inside_envelope
5500.0,52.490480706,1,inside_envelope
5500.0,59.994700833,1,inside_envelope
5500.0,67.466411867,1,inside_envelope
5500.0,75.063690194,1,inside_envelope
5500.0,82.415353378,1,inside_envelope
5500.0,90.031460403,1,inside_envelope
5500.0,97.334846197,1,inside_envelope
5500.0,105.038023006,1,inside_envelope
5500.0,112.553074866,1,inside_envelope
5500.0,117.700825338,1,inside_envelope
5500.0,126.034987378,1,inside_envelope
5500.0,135.04693292,1,inside_envelope
5500.0,141.883635335,0,map_extension_not_operating_point
5500.0,148.196394595,0,map_extension_not_operating_point
5500.0,157.745245245,0,map_extension_not_operating_point
6187.5,-35.732910459,0,map_extension_not_operating_point
6187.5,-17.441294705,1,inside_envelope
6187.5,0.850321048,1,inside_envelope
6187.5,7.63148903,1,inside_envelope
6187.5,14.9534405,1,inside_envelope
6187.5,22.45006137,1,inside_envelope
6187.5,29.937282059,1,inside_envelope
6187.5,37.526022626,1,inside_envelope
6187.5,44.998163078,1,inside_envelope
6187.5,52.490480706,1,inside_envelope
6187.5,59.994700833,1,inside_envelope
6187.5,67.466411867,1,inside_envelope
6187.5,75.063690194,1,inside_envelope
6187.5,82.415353378,1,inside_envelope
6187.5,90.031460403,1,inside_envelope
6187.5,97.334846197,1,inside_envelope
6187.5,105.038023006,1,inside_envelope
6187.5,112.553074866,1,inside_envelope
6187.5,117.700825338,1,inside_envelope
6187.5,126.034987378,0,map_extension_not_operating_point
6187.5,135.04693292,0,map_extension_not_operating_point
6187.5,141.883635335,0,map_extension_not_operating_point
6187.5,148.196394595,0,map_extension_not_operating_point
6187.5,157.745245245,0,map_extension_not_operating_point
6875.0,-35.732910459,0,map_extension_not_operating_point
6875.0,-17.441294705,1,inside_envelope
6875.0,0.850321048,0,map_extension_not_operating_point
6875.0,7.63148903,0,map_extension_not_operating_point
6875.0,14.9534405,0,map_extension_not_operating_point
6875.0,22.45006137,0,map_extension_not_operating_point
6875.0,29.937282059,0,map_extension_not_operating_point
6875.0,37.526022626,0,map_extension_not_operating_point
6875.0,44.998163078,0,map_extension_not_operating_point
6875.0,52.490480706,0,map_extension_not_operating_point
6875.0,59.994700833,0,map_extension_not_operating_point
6875.0,67.466411867,0,map_extension_not_operating_point
6875.0,75.063690194,0,map_extension_not_operating_point
6875.0,82.415353378,0,map_extension_not_operating_point
6875.0,90.031460403,0,map_extension_not_operating_point
6875.0,97.334846197,0,map_extension_not_operating_point
6875.0,105.038023006,0,map_extension_not_operating_point
6875.0,112.553074866,0,map_extension_not_operating_point
6875.0,117.700825338,0,map_extension_not_operating_point
6875.0,126.034987378,0,map_extension_not_operating_point
6875.0,135.04693292,0,map_extension_not_operating_point
6875.0,141.883635335,0,map_extension_not_operating_point
6875.0,148.196394595,0,map_extension_not_operating_point
6875.0,157.745245245,0,map_extension_not_operating_point
