Speed (rpm),Torque (N*m)
0.0,0.0
25.0,2.513338974
50.0,5.026677948
75.0,7.540016922
100.0,10.053355896
125.0,12.56669487
150.0,15.080033844
175.0,17.593372819
200.0,20.106711793
225.0,22.620050767
250.0,25.133389741
275.0,27.646728715
300.0,30.160067689
325.0,32.673406663
350.0,35.186745637
375.0,37.700084611
400.0,40.213423585
425.0,42.726762559
450.0,45.240101533
475.0,47.753440507
500.0,50.266779482
525.0,52.780118456
550.0,55.29345743
575.0,57.806796404
600.0,60.320135378
625.0,62.833474352
650.0,65.346813326
675.0,67.8601523
700.0,70.373491274
725.0,72.886830248
750.0,75.400169222
775.0,77.913508196
800.0,80.42684717
825.0,82.940186145
850.0,85.453525119
875.0,87.966864093
900.0,90.480203067
925.0,92.993542041
950.0,95.506881015
975.0,98.020219989
1000.0,100.533558963
1025.0,103.046897937
1039.2,104.474474474
1050.0,104.964916823
1075.0,106.100200038
1100.0,107.235483252
1125.0,108.370766467
1150.0,109.506049682
1175.0,110.641332896
1196.090909091,111.599099099
1200.0,111.708141527
1225.0,112.405505889
1250.0,113.102870252
1275.0,113.800234615
1300.0,114.497598978
1325.0,115.19496334
1350.0,115.892327703
1375.0,116.589692066
1400.0,117.287056428
1405.458333333,117.439314314
1425.0,117.537128703
1450.0,117.662264381
1475.0,117.78740006
1500.0,117.912535738
1525.0,118.037671417
1550.0,118.162807095
1575.0,118.287942773
1600.0,118.413078452
1603.066666667,118.428428428
1625.0,119.239246747
1650.0,120.163431761
1675.0,121.087616775
1700.0,122.011801789
1700.03030303,122.012922013
1725.0,123.90613206
1750.0,125.801639692
1775.0,127.697147324
1800.0,129.592654957
1825.0,131.488162589
1850.0,133.383670221
1875.0,135.279177853
1900.0,137.174685485
1900.825,137.237237237
1925.0,137.842401098
1950.0,138.46821688
1975.0,139.094032662
1999.948717949,139.718564719
2000.0,139.718042046
2025.0,139.463239154
2050.0,139.208436262
2075.0,138.95363337
2100.0,138.698830478
2125.0,138.444027586
2150.0,138.189224694
2175.0,137.934421801
2200.0,137.679618909
2225.0,137.424816017
2250.0,137.170013125
2275.0,136.915210233
2300.0,136.660407341
2325.0,136.405604449
2350.0,136.150801557
2375.0,135.895998665
2400.0,135.641195773
2400.3,135.638138138
2425.0,135.973064625
2450.0,136.312059045
2475.0,136.651053465
2500.0,136.990047885
2501.294117647,137.007595831
2525.0,137.648706248
2550.0,138.324815249
2575.0,139.00092425
2600.0,139.677033251
2625.0,140.353142251
2650.0,141.029251252
2675.0,141.705360253
2700.0,142.381469254
2725.0,143.057578255
2750.0,143.733687255
2775.0,144.409796256
2800.0,145.085905257
2825.0,145.762014258
2850.0,146.438123259
2875.0,147.114232259
2899.426229508,147.774824004
2900.0,147.778296052
2925.0,147.929578135
2950.0,148.080860217
2975.0,148.2321423
3000.0,148.383424382
3025.0,148.534706465
3050.0,148.685988547
3075.0,148.83727063
3100.0,148.988552712
3125.0,149.139834795
3150.0,149.291116877
3175.0,149.44239896
3199.769230769,149.592284592
3200.0,149.5892599
3225.0,149.261584923
3250.0,148.933909945
3275.0,148.606234968
3300.0,148.27855999
3325.0,147.950885013
3350.0,147.623210036
3375.0,147.295535058
3400.0,146.967860081
3425.0,146.640185103
3450.0,146.312510126
3475.0,145.984835149
3499.507042254,145.663621368
3500.0,145.663423029
3525.0,145.653364391
3550.0,145.643305754
3575.0,145.633247117
3600.0,145.62318848
3625.0,145.613129843
3650.0,145.603071206
3675.0,145.593012569
3700.0,145.582953932
3701.315789474,145.58242453
3725.0,145.859072685
3750.0,146.151090183
3775.0,146.44310768
3800.0,146.735125178
3825.0,147.027142675
3850.0,147.319160173
3875.0,147.61117767
3900.0,147.903195167
3925.0,148.195212665
3950.0,148.487230162
3975.0,148.77924766
4000.0,149.071265157
4025.0,149.363282655
4050.0,149.655300152
4075.0,149.94731765
4099.50617284,150.2335669
4100.0,150.22878034
4125.0,149.986460708
4150.0,149.744141076
4175.0,149.501821444
4200.0,149.259501812
4225.0,149.01718218
4250.0,148.774862549
4275.0,148.532542917
4299.573033708,148.294361778
4300.0,148.295991574
4325.0,148.391420468
4350.0,148.486849362
4375.0,148.582278256
4400.0,148.677707151
4425.0,148.773136045
4450.0,148.868564939
4475.0,148.963993833
4489.845771144,149.020662453
4500.0,148.947488707
4525.0,148.767332864
4550.0,148.587177022
4575.0,148.407021179
4600.0,148.226865336
4625.0,148.046709493
4650.0,147.86655365
4675.0,147.686397807
4700.0,147.506241965
4725.0,147.326086122
4750.0,147.145930279
4775.0,146.965774436
4800.0,146.785618593
4825.0,146.605462751
4850.0,146.425306908
4875.0,146.245151065
4900.0,146.064995222
4925.0,145.884839379
4950.0,145.704683536
4975.0,145.524527694
5000.0,145.344371851
5025.0,145.164216008
5050.0,144.984060165
5075.0,144.803904322
5100.0,144.62374848
5125.0,144.443592637
5150.0,144.263436794
5175.0,144.083280951
5200.0,143.903125108
5225.0,143.722969265
5250.0,143.542813423
5275.0,143.36265758
5300.0,143.182501737
5325.0,143.002345894
5350.0,142.79321997
5375.0,142.129065459
5400.0,141.471060526
5425.0,140.819120155
5450.0,140.173160888
5475.0,139.533100793
5500.0,138.898859426
5525.0,138.270357799
5550.0,137.64751835
5575.0,137.030264904
5600.0,136.41852265
5625.0,135.812218105
5650.0,135.211279087
5675.0,134.615634686
5700.0,134.025215235
5725.0,133.439952287
5750.0,132.859778581
5775.0,132.284628024
5800.0,131.714435662
5825.0,131.149137655
5850.0,130.588671255
5875.0,130.032974781
5900.0,129.4819876
5925.0,128.9356501
5950.0,128.393903671
5975.0,127.856690685
6000.0,127.323954474
6000.0,127.323954474
6025.0,126.79563931
6050.0,126.271690387
6075.0,125.752053801
6100.0,125.236676531
6125.0,124.725506423
6150.0,124.218492169
6175.0,123.715583294
6200.0,123.216730136
6225.0,121.921921922
6250.0,120.12012012
6275.0,118.318318318
6300.0,116.516516517
6325.0,114.714714715
6350.0,112.912912913
6375.0,111.111111111
6400.0,109.309309309
6425.0,107.507507508
6450.0,105.705705706
6475.0,103.903903904
6500.0,102.102102102
6525.0,100.3003003
6550.0,98.498498498
6562.5,97.597597598
6575.0,93.693693694
6600.0,85.885885886
6625.0,78.078078078
6650.0,70.27027027
6675.0,62.462462462
6700.0,54.654654655
6725.0,46.846846847
6750.0,39.039039039
6775.0,31.231231231
6800.0,23.423423423
6825.0,15.615615616
6850.0,7.807807808
6875.0,0.0
6875.0,0.0
