Voltage (V),Speed (rpm),Torque (N*m)
650,0.0,-207.0
650,2767.912053772,-207.0
650,2920.062688599,-196.214210526
650,3089.913573541,-185.428421053
650,3280.744168538,-174.642631579
650,3496.697408356,-163.856842105
650,3743.083916133,-153.071052632
650,4026.824580526,-142.285263158
650,4357.110938001,-131.499473684
650,4746.419586793,-120.713684211
650,5212.123788074,-109.927894737
650,5779.157035348,-99.142105263
650,6484.627499589,-88.356315789
650,7386.282165965,-77.570526316
650,8579.172760468,-66.784736842
650,10231.581521726,-55.998947368
650,12672.368438957,-45.213157895
650,13500.0,-42.441318158
650,13635.0,-0.0
