Temperature (degC),Voltage (V),Speed (rpm),Torque (N*m),Efficiency (%)
0.0,650,1000.0,10.0,72.614827236
0.0,650,1000.0,20.0,79.499730823
0.0,650,1000.0,30.0,81.640157119
0.0,650,1000.0,40.0,82.629569922
0.0,650,1000.0,50.0,83.068451562
0.0,650,1000.0,60.0,83.136289891
0.0,650,1000.0,70.0,82.965207543
0.0,650,1000.0,80.0,82.543894778
0.0,650,1000.0,90.0,81.943980499
0.0,650,1000.0,100.0,81.100731294
0.0,650,1000.0,110.0,80.036504193
0.0,650,1000.0,120.0,78.916029369
0.0,650,1000.0,130.0,77.987060812
0.0,650,1000.0,140.0,76.895414629
0.0,650,1000.0,150.0,75.448440104
0.0,650,1000.0,160.0,74.703409727
0.0,650,1000.0,170.0,72.890334955
0.0,650,1000.0,180.0,71.199260098
0.0,650,1000.0,200.0,65.876305525
0.0,650,2000.0,10.0,79.807117912
0.0,650,2000.0,20.0,85.778646787
0.0,650,2000.0,30.0,87.634619791
0.0,650,2000.0,40.0,88.592701729
0.0,650,2000.0,50.0,89.091026879
0.0,650,2000.0,60.0,89.236000301
0.0,650,2000.0,70.0,88.947753029
0.0,650,2000.0,80.0,88.389537672
0.0,650,2000.0,90.0,88.516627671
0.0,650,2000.0,100.0,88.292891499
0.0,650,2000.0,110.0,87.887396094
0.0,650,2000.0,120.0,87.583193889
0.0,650,2000.0,130.0,86.892394466
0.0,650,2000.0,140.0,86.156566349
0.0,650,2000.0,150.0,85.052145254
0.0,650,2000.0,160.0,83.592734644
0.0,650,2000.0,170.0,81.988634071
0.0,650,2000.0,180.0,80.65348354
0.0,650,2000.0,200.0,78.56428963
0.0,650,3000.0,10.0,82.201287294
0.0,650,3000.0,20.0,87.895113014
0.0,650,3000.0,30.0,89.804168532
0.0,650,3000.0,40.0,90.794087286
0.0,650,3000.0,50.0,91.442153471
0.0,650,3000.0,60.0,91.776886247
0.0,650,3000.0,70.0,91.93736771
0.0,650,3000.0,80.0,91.986247523
0.0,650,3000.0,90.0,91.819304277
0.0,650,3000.0,100.0,91.515097726
0.0,650,3000.0,110.0,91.15283316
0.0,650,3000.0,120.0,90.747211391
0.0,650,3000.0,130.0,90.483341853
0.0,650,3000.0,140.0,89.978560692
0.0,650,3000.0,150.0,89.46569802
0.0,650,3000.0,160.0,88.877219579
0.0,650,3000.0,170.0,88.258935572
0.0,650,3000.0,180.0,87.989300504
0.0,650,3000.0,200.0,87.045468141
0.0,650,4000.0,10.0,84.293155644
0.0,650,4000.0,20.0,89.442457477
0.0,650,4000.0,30.0,91.384970608
0.0,650,4000.0,40.0,92.437923711
0.0,650,4000.0,50.0,93.051050633
0.0,650,4000.0,60.0,93.470456416
0.0,650,4000.0,70.0,93.772317941
0.0,650,4000.0,80.0,93.912951988
0.0,650,4000.0,90.0,93.99008688
0.0,650,4000.0,100.0,93.955220198
0.0,650,4000.0,110.0,93.657695463
0.0,650,4000.0,120.0,93.146528824
0.0,650,4000.0,130.0,92.517749788
0.0,650,4000.0,140.0,92.040786655
0.0,650,4000.0,150.0,91.661328558
0.0,650,4000.0,160.0,91.358660794
0.0,650,4000.0,170.0,91.113721511
0.0,650,4000.0,180.0,90.910205481
0.0,650,4000.0,200.0,90.586568715
0.0,650,5000.0,10.0,86.371388798
0.0,650,5000.0,20.0,91.425270724
0.0,650,5000.0,30.0,93.415003805
0.0,650,5000.0,40.0,94.750755181
0.0,650,5000.0,50.0,95.387072333
0.0,650,5000.0,60.0,95.581538782
0.0,650,5000.0,70.0,95.586242789
0.0,650,5000.0,80.0,95.340303027
0.0,650,5000.0,90.0,94.839890074
0.0,650,5000.0,100.0,94.157040353
0.0,650,5000.0,110.0,93.665334488
0.0,650,5000.0,120.0,93.302858865
0.0,650,5000.0,130.0,93.0277006
0.0,650,5000.0,140.0,92.81503802
0.0,650,5000.0,150.0,92.648331364
0.0,650,5000.0,160.0,92.515722298
0.0,650,5000.0,170.0,92.408007105
0.0,650,5000.0,180.0,92.318086704
0.0,650,5000.0,200.0,92.180395839
0.0,650,6000.0,10.0,85.128835278
0.0,650,6000.0,20.0,91.87160464
0.0,650,6000.0,30.0,94.174730685
0.0,650,6000.0,40.0,94.992948812
0.0,650,6000.0,50.0,95.23894713
0.0,650,6000.0,60.0,95.146855545
0.0,650,6000.0,70.0,94.669629352
0.0,650,6000.0,80.0,93.908037321
0.0,650,6000.0,90.0,93.554109662
0.0,650,6000.0,100.0,93.382110256
0.0,650,6000.0,110.0,93.288716052
0.0,650,6000.0,120.0,93.228200295
0.0,650,6000.0,130.0,93.181254509
0.0,650,6000.0,140.0,93.140233292
0.0,650,6000.0,150.0,93.102727383
0.0,650,6000.0,160.0,93.068302963
0.0,650,6000.0,170.0,93.037031679
0.0,650,6000.0,180.0,93.008920622
0.0,650,6000.0,200.0,92.96105319
0.0,650,7000.0,10.0,88.761136747
0.0,650,7000.0,20.0,93.240075309
0.0,650,7000.0,30.0,94.584618378
0.0,650,7000.0,40.0,95.03469743
0.0,650,7000.0,50.0,95.012812668
0.0,650,7000.0,60.0,94.642931586
0.0,650,7000.0,70.0,94.290557151
0.0,650,7000.0,80.0,93.991739588
0.0,650,7000.0,90.0,93.762304131
0.0,650,7000.0,100.0,93.59997154
0.0,650,7000.0,110.0,93.492734003
0.0,650,7000.0,120.0,93.426306335
0.0,650,7000.0,130.0,93.387791965
0.0,650,7000.0,140.0,93.367035893
0.0,650,7000.0,150.0,93.356759925
0.0,650,7000.0,160.0,93.352148613
0.0,650,7000.0,170.0,93.350267744
0.0,650,7000.0,180.0,93.349507969
0.0,650,7000.0,200.0,93.349514542
0.0,650,8000.0,10.0,87.755481753
0.0,650,8000.0,20.0,92.662255466
0.0,650,8000.0,30.0,93.926583345
0.0,650,8000.0,40.0,94.267857348
0.0,650,8000.0,50.0,94.143069458
0.0,650,8000.0,60.0,94.033029944
0.0,650,8000.0,70.0,93.930068706
0.0,650,8000.0,80.0,93.835539217
0.0,650,8000.0,90.0,93.752115403
0.0,650,8000.0,100.0,93.682589442
0.0,650,8000.0,110.0,93.628525424
0.0,650,8000.0,120.0,93.589802613
0.0,650,8000.0,130.0,93.564849214
0.0,650,8000.0,140.0,93.551183018
0.0,650,8000.0,150.0,93.545977957
0.0,650,8000.0,160.0,93.546514495
0.0,650,8000.0,170.0,93.550472298
0.0,650,8000.0,180.0,93.55608121
0.0,650,8000.0,200.0,93.570194336
0.0,650,9000.0,10.0,88.239050518
0.0,650,9000.0,20.0,92.341465068
0.0,650,9000.0,30.0,93.377916188
0.0,650,9000.0,40.0,93.624693347
0.0,650,9000.0,50.0,93.681651818
0.0,650,9000.0,60.0,93.676152973
0.0,650,9000.0,70.0,93.656491899
0.0,650,9000.0,80.0,93.639955092
0.0,650,9000.0,90.0,93.631085689
0.0,650,9000.0,100.0,93.62958488
0.0,650,9000.0,110.0,93.633757046
0.0,650,9000.0,120.0,93.641866587
0.0,650,9000.0,130.0,93.652535981
0.0,650,9000.0,140.0,93.664755046
0.0,650,9000.0,150.0,93.677778702
0.0,650,9000.0,160.0,93.691031447
0.0,650,9000.0,170.0,93.704054033
0.0,650,9000.0,180.0,93.716490187
0.0,650,9000.0,200.0,93.73968588
0.0,650,10000.0,10.0,89.386088413
0.0,650,10000.0,20.0,92.969861468
0.0,650,10000.0,30.0,93.447459848
0.0,650,10000.0,40.0,93.165790612
0.0,650,10000.0,50.0,93.138934384
0.0,650,10000.0,60.0,93.205700319
0.0,650,10000.0,70.0,93.300867149
0.0,650,10000.0,80.0,93.396968307
0.0,650,10000.0,90.0,93.483374863
0.0,650,10000.0,100.0,93.557181878
0.0,650,10000.0,110.0,93.618853636
0.0,650,10000.0,120.0,93.670099673
0.0,650,10000.0,130.0,93.712875073
0.0,650,10000.0,140.0,93.748955294
0.0,650,10000.0,150.0,93.77979618
0.0,650,10000.0,160.0,93.806525833
0.0,650,10000.0,170.0,93.829989297
0.0,650,10000.0,180.0,93.850807501
0.0,650,10000.0,200.0,93.886182028
0.0,650,11000.0,10.0,88.602461818
0.0,650,11000.0,20.0,92.161516215
0.0,650,11000.0,30.0,92.503850229
0.0,650,11000.0,40.0,92.781773532
0.0,650,11000.0,50.0,92.999446092
0.0,650,11000.0,60.0,93.171137082
0.0,650,11000.0,70.0,93.309441282
0.0,650,11000.0,80.0,93.423522812
0.0,650,11000.0,90.0,93.519547786
0.0,650,11000.0,100.0,93.601536591
0.0,650,11000.0,110.0,93.672133017
0.0,650,11000.0,120.0,93.73316717
0.0,650,11000.0,130.0,93.786018748
0.0,650,11000.0,140.0,93.831826487
0.0,650,11000.0,150.0,93.871593472
0.0,650,11000.0,160.0,93.906229184
0.0,650,11000.0,170.0,93.936557502
0.0,650,11000.0,180.0,93.963309427
0.0,650,11000.0,200.0,94.008193841
0.0,650,12000.0,10.0,86.839801077
0.0,650,12000.0,20.0,91.39631784
0.0,650,12000.0,30.0,92.486995937
0.0,650,12000.0,40.0,92.938767627
0.0,650,12000.0,50.0,93.17645218
0.0,650,12000.0,60.0,93.330438709
0.0,650,12000.0,70.0,93.447490864
0.0,650,12000.0,80.0,93.545329099
0.0,650,12000.0,90.0,93.630714821
0.0,650,12000.0,100.0,93.7062562
0.0,650,12000.0,110.0,93.773102526
0.0,650,12000.0,120.0,93.83199445
0.0,650,12000.0,130.0,93.883632487
0.0,650,12000.0,140.0,93.928767976
0.0,650,12000.0,150.0,93.968191225
0.0,650,12000.0,160.0,94.00269119
0.0,650,12000.0,170.0,94.033015803
0.0,650,12000.0,180.0,94.059841949
0.0,650,12000.0,200.0,94.105046982
0.0,650,13000.0,10.0,83.884380694
0.0,650,13000.0,20.0,89.234605037
0.0,650,13000.0,30.0,91.195789322
0.0,650,13000.0,40.0,92.201481767
0.0,650,13000.0,50.0,92.796599298
0.0,650,13000.0,60.0,93.176443317
0.0,650,13000.0,70.0,93.430560823
0.0,650,13000.0,80.0,93.606613028
0.0,650,13000.0,90.0,93.732424219
0.0,650,13000.0,100.0,93.825173415
0.0,650,13000.0,110.0,93.895814313
0.0,650,13000.0,120.0,93.951449624
0.0,650,13000.0,130.0,93.996717266
0.0,650,13000.0,140.0,94.034648781
0.0,650,13000.0,150.0,94.067221986
0.0,650,13000.0,160.0,94.095725308
0.0,650,13000.0,170.0,94.121001265
0.0,650,13000.0,180.0,94.143610486
0.0,650,13000.0,200.0,94.182472994
