Torque (N*m) / Speed (rpm),0.0,431.04732038,862.094640761,998.379198104,1246.385647233,1493.340319658,1628.334719,1746.578197667,1844.506494,1997.121425476,2495.389229711,2994.955249763,3244.553506,3493.872363447,3744.15655,3993.635655447,4493.244581868,4996.622290934,5500.0,6187.5,6875.0
-47.596236731,0.017129763,0.0,0.0,0.0,0.0,0.0,0.0,0.0,0.0,0.0,0.0,0.0,0.0,0.0,0.0,0.0,0.0,0.0,0.0,0.0,0.0
-23.231804547,0.032615465,0.042516195,0.053858373,0.057934643,0.065796192,0.074319955,0.079299935,0.083733086,0.087415919,0.093198186,0.113788706,0.15017926,0.174596106,0.201333968,0.229956902,0.259803366,0.323810129,0.391078844,0.460312931,0.556429531,0.651066037
1.132627636,0.051610427,0.096569543,0.13808554,0.154962001,0.189704033,0.228133955,0.252127298,0.273250925,0.290185984,0.315651794,0.38300092,0.47914968,0.545355999,0.60653883,0.672014698,0.74226142,0.889075435,1.044054428,1.197210093,1.392120529,1.57548622
10.165143388,0.053697772,0.113466083,0.170614325,0.192500333,0.239487283,0.290217607,0.319566009,0.345148413,0.365977657,0.397708089,0.494261558,0.632691533,0.691408728,0.752995271,0.832425987,0.91804323,1.10162057,1.288233001,1.472484249,1.698243069,1.91436023
19.917982745,0.055422688,0.135508744,0.219826801,0.249067163,0.305879629,0.367373259,0.401418399,0.431632678,0.456948908,0.496768482,0.619511947,0.791384602,0.8556441,0.929414267,1.025999349,1.133414783,1.332716755,1.551779076,1.768264799,2.02673149,2.279737151
29.903481745,0.05974671,0.163335687,0.269918653,0.305121245,0.372741801,0.44404003,0.483717386,0.518473887,0.547139053,0.591733318,0.745306328,0.918755104,1.012717548,1.114026356,1.230262577,1.35162463,1.585561398,1.823037385,2.06030236,2.361341448,2.655188927
39.876459703,0.067046024,0.193543955,0.320216887,0.35907266,0.432760714,0.517576592,0.565217161,0.60692356,0.641093379,0.694192297,0.881159259,1.069244447,1.178695814,1.30084016,1.443268222,1.590199617,1.835914796,2.095474871,2.354548105,2.698545705,3.034178421
49.984662137,0.075755735,0.221140762,0.363468288,0.40756781,0.492868434,0.589653824,0.645284854,0.694563051,0.73557406,0.799788817,1.01619485,1.231929781,1.359606501,1.500640722,1.662068289,1.82600451,2.097024759,2.376993944,2.66256426,3.050084321,3.42589444
59.93755322,0.083756654,0.247321162,0.411335162,0.463954551,0.563878644,0.675068352,0.736821538,0.791127551,0.836380162,0.907411416,1.145521116,1.394888334,1.547811924,1.710317211,1.880109208,2.048024502,2.342280049,2.66028984,2.980279287,3.412062743,3.823422569
69.9173203,0.091499967,0.277897664,0.465809773,0.526439596,0.638042819,0.762644419,0.831540701,0.891782332,0.941402784,1.018586351,1.286558649,1.574891578,1.734751417,1.907769328,2.095019855,2.283189787,2.598668751,2.95323732,3.316167325,3.794652006,4.239245952
79.912941509,0.098954834,0.315020094,0.527233534,0.593926952,0.716799313,0.850480145,0.928156334,0.99718049,1.054456541,1.142973751,1.435646781,1.737862078,1.910487042,2.094698843,2.300561633,2.506527236,2.853846318,3.25285882,3.672736913,4.19794963,4.680804049
89.865260607,0.105012453,0.356516245,0.596234869,0.668047188,0.794890939,0.939673546,1.024783081,1.101207835,1.165333292,1.265911262,1.567355521,1.914782752,2.102688654,2.29986348,2.509158663,2.720601749,3.074780644,3.550446143,4.04520421,4.615018059,5.156673719
99.984835338,0.111402102,0.39803728,0.672451854,0.752203648,0.889467678,1.04114909,1.132282138,1.213584207,1.280810241,1.385855189,1.748786734,2.106342063,2.302079706,2.503216691,2.708981778,2.931206202,3.331874544,3.851909733,4.41929445,5.048286452,5.694080598
109.7772507,0.127471555,0.436172582,0.747941908,0.843500899,1.013435966,1.177340338,1.265847772,1.343924278,1.410263887,1.515840657,1.894379799,2.282172608,2.493588757,2.711502552,2.934131369,3.161826549,3.600914315,4.132510567,4.715535384,5.478727086,6.283817536
119.921905256,0.172526513,0.490590572,0.835418166,0.957905367,1.193171914,1.3894956,1.469164002,1.534280173,1.587756323,1.673085023,2.06435876,2.456177108,2.684275865,2.921475077,3.157297621,3.391350688,3.880663957,4.421518894,5.027570231,5.963003363,6.984182233
129.650015135,0.258613901,0.592942123,0.945629244,1.07041567,1.317131781,1.519641469,1.612454037,1.682343166,1.733610142,1.808226782,2.231219398,2.624923527,2.864558544,3.116472378,3.386539471,3.660103671,4.173315764,4.71787214,5.370285529,6.50377915,7.75337571
139.910646644,0.39272417,0.760040731,1.135523122,1.255039809,1.470330334,1.663024787,1.754156903,1.829165883,1.888567613,1.979864376,2.380951879,2.835986556,3.098306061,3.369906333,3.64355668,3.917922614,4.453034048,5.081865126,5.820582122,7.199439021,8.672266508
149.920695721,0.550894617,0.943946452,1.326158895,1.439787662,1.638448422,1.817698011,1.910247706,1.990595301,2.058196934,2.165509914,2.594587408,3.074374453,3.346920098,3.625925626,3.903915152,4.182045847,4.779553871,5.545502636,6.424984232,8.039764532,9.6671032
156.77749935,0.661963292,1.065611496,1.453872125,1.569605357,1.773199316,1.962434989,2.06194061,2.14790381,2.218612338,2.329569851,2.772045169,3.257734228,3.524385438,3.804665321,4.100554063,4.403318374,5.031843724,5.92915116,6.98882385,8.692606908,10.385846648
167.878603188,0.838551189,1.250100622,1.655425872,1.782659828,2.013049345,2.235841601,2.35077655,2.446734368,2.521673253,2.634230693,3.06690052,3.583566839,3.825714992,4.098979725,4.451326993,4.831149162,5.454170348,6.654205004,8.074413951,9.857133091,11.605303839
179.88251465,1.018978292,1.439459608,1.859106038,1.991493154,2.232018827,2.470684451,2.601440896,2.716527358,2.812594279,2.964861534,3.554205487,3.958168667,4.210130504,4.501229974,4.843967056,5.217756189,6.04435507,7.523679363,9.301560224,11.140306666,12.989316985
188.989002267,1.151240414,1.580174935,2.009751879,2.146022616,2.394733027,2.645706284,2.785127833,2.908368788,3.011204563,3.17306759,3.728620457,4.211371002,4.503406725,4.826648882,5.194718546,5.597090542,6.569331187,8.143769637,9.929778215,12.031859869,14.061565128
197.3975976,1.271763502,1.710109601,2.14997878,2.290050805,2.546161468,2.804510289,2.947020741,3.072294948,3.176255148,3.33858913,3.87304974,4.443601798,4.7817101,5.150956847,5.561242282,6.014399408,7.126994099,8.702050359,10.469051489,12.807326712,15.055949059
210.116666667,1.452710349,1.908786172,2.365940513,2.51054293,2.773606443,3.034797545,3.177170008,3.301745599,3.404898478,3.565816707,4.105576756,4.796924396,5.211823415,5.66287415,6.157579597,6.695636188,7.972604911,9.536849863,11.293892051,13.923181267,16.558840249
