Temperature (degC),Voltage (V),Speed (rpm),Torque (N*m),Power loss (W)
0.0,650,0.0,-200.0,11028.842584275
0.0,650,0.0,-190.0,8480.071667866
0.0,650,0.0,-180.0,6851.843612513
0.0,650,0.0,-170.0,5710.249952024
0.0,650,0.0,-160.0,5019.986854825
0.0,650,0.0,-150.0,4771.509352479
0.0,650,0.0,-140.0,4353.368394688
0.0,650,0.0,-130.0,3885.482377043
0.0,650,0.0,-120.0,3567.761569121
0.0,650,0.0,-110.0,3103.365394832
0.0,650,0.0,-100.0,2581.995196259
0.0,650,0.0,-90.0,2111.037500457
0.0,650,0.0,-80.0,1725.278644058
0.0,650,0.0,-70.0,1419.599993144
0.0,650,0.0,-60.0,1172.79776675
0.0,650,0.0,-50.0,964.408662345
0.0,650,0.0,-40.0,776.518435737
0.0,650,0.0,-30.0,600.258649253
0.0,650,0.0,-15.0,361.748851301
0.0,650,0.0,0.0,270.192090949
0.0,650,0.0,10.0,314.462726561
0.0,650,0.0,20.0,426.200435164
0.0,650,0.0,30.0,572.61963544
0.0,650,0.0,40.0,737.998653147
0.0,650,0.0,50.0,917.194467683
0.0,650,0.0,60.0,1116.32291354
0.0,650,0.0,70.0,1351.7997348
0.0,650,0.0,80.0,1643.067507275
0.0,650,0.0,90.0,2010.432618461
0.0,650,0.0,100.0,2458.926841318
0.0,650,0.0,110.0,2955.655599991
0.0,650,0.0,120.0,3398.693137356
0.0,650,0.0,130.0,3702.887183376
0.0,650,0.0,140.0,4150.466400372
0.0,650,0.0,150.0,4548.396214097
0.0,650,0.0,160.0,4775.499483146
0.0,650,0.0,170.0,5400.107060007
0.0,650,0.0,180.0,6410.734821511
0.0,650,0.0,200.0,10352.058785281
0.0,650,1000.0,-200.0,11381.287150026
0.0,650,1000.0,-190.0,9689.933059527
0.0,650,1000.0,-180.0,8059.400927659
0.0,650,1000.0,-170.0,6933.973626266
0.0,650,1000.0,-160.0,5946.25178722
0.0,650,1000.0,-150.0,5365.713182437
0.0,650,1000.0,-140.0,4626.512722181
0.0,650,1000.0,-130.0,4035.578386461
0.0,650,1000.0,-120.0,3525.487946804
0.0,650,1000.0,-110.0,3016.905006527
0.0,650,1000.0,-100.0,2562.315238986
0.0,650,1000.0,-90.0,2180.525837723
0.0,650,1000.0,-80.0,1860.223241525
0.0,650,1000.0,-70.0,1580.278222504
0.0,650,1000.0,-60.0,1338.050954413
0.0,650,1000.0,-50.0,1120.589140941
0.0,650,1000.0,-40.0,925.696869166
0.0,650,1000.0,-30.0,743.922502921
0.0,650,1000.0,-15.0,465.726480841
0.0,650,1000.0,0.0,336.5509802
0.0,650,1000.0,10.0,394.928790017
0.0,650,1000.0,20.0,540.073065876
0.0,650,1000.0,30.0,706.504611832
0.0,650,1000.0,40.0,880.56960033
0.0,650,1000.0,50.0,1067.232850071
0.0,650,1000.0,60.0,1274.507386877
0.0,650,1000.0,70.0,1505.107433866
0.0,650,1000.0,80.0,1771.662526065
0.0,650,1000.0,90.0,2076.711109384
0.0,650,1000.0,100.0,2440.331621236
0.0,650,1000.0,110.0,2873.225979342
0.0,650,1000.0,120.0,3357.353266363
0.0,650,1000.0,130.0,3842.620109595
0.0,650,1000.0,140.0,4405.085982504
0.0,650,1000.0,150.0,5111.503968595
0.0,650,1000.0,160.0,5673.749561735
0.0,650,1000.0,170.0,6621.124360571
0.0,650,1000.0,180.0,7624.814592267
0.0,650,1000.0,200.0,10848.892938807
0.0,650,2000.0,-200.0,11906.094581554
0.0,650,2000.0,-190.0,10890.716463696
0.0,650,2000.0,-180.0,9462.880463692
0.0,650,2000.0,-170.0,8187.874113887
0.0,650,2000.0,-160.0,6900.1896021
0.0,650,2000.0,-150.0,5797.741485714
0.0,650,2000.0,-140.0,4947.628824582
0.0,650,2000.0,-130.0,4312.784970192
0.0,650,2000.0,-120.0,3741.28048133
0.0,650,2000.0,-110.0,3333.873484073
0.0,650,2000.0,-100.0,2915.886834931
0.0,650,2000.0,-90.0,2567.643614433
0.0,650,2000.0,-80.0,2310.916227656
0.0,650,2000.0,-70.0,1912.718226748
0.0,650,2000.0,-60.0,1591.54998503
0.0,650,2000.0,-50.0,1346.666055854
0.0,650,2000.0,-40.0,1134.1105365
0.0,650,2000.0,-30.0,933.415515043
0.0,650,2000.0,-15.0,611.94051395
0.0,650,2000.0,0.0,466.039831664
0.0,650,2000.0,10.0,529.926082475
0.0,650,2000.0,20.0,694.464966141
0.0,650,2000.0,30.0,886.567151547
0.0,650,2000.0,40.0,1078.706898632
0.0,650,2000.0,50.0,1282.267175373
0.0,650,2000.0,60.0,1515.805381766
0.0,650,2000.0,70.0,1821.680682938
0.0,650,2000.0,80.0,2200.884500658
0.0,650,2000.0,90.0,2445.376361181
0.0,650,2000.0,100.0,2777.042442682
0.0,650,2000.0,110.0,3175.135157924
0.0,650,2000.0,120.0,3563.107954912
0.0,650,2000.0,130.0,4107.17836738
0.0,650,2000.0,140.0,4711.314437692
0.0,650,2000.0,150.0,5521.327006779
0.0,650,2000.0,160.0,6577.279013871
0.0,650,2000.0,170.0,7821.688814224
0.0,650,2000.0,180.0,9042.963251996
0.0,650,2000.0,200.0,11428.817603511
0.0,650,3000.0,-200.0,9762.342731198
0.0,650,3000.0,-190.0,8918.775728849
0.0,650,3000.0,-180.0,8118.679844631
0.0,650,3000.0,-170.0,7457.214566562
0.0,650,3000.0,-160.0,6602.662862934
0.0,650,3000.0,-150.0,5825.500539083
0.0,650,3000.0,-140.0,5143.553749892
0.0,650,3000.0,-130.0,4510.339502358
0.0,650,3000.0,-120.0,4036.129568513
0.0,650,3000.0,-110.0,3521.8218179
0.0,650,3000.0,-100.0,3058.393999354
0.0,650,3000.0,-90.0,2645.072965391
0.0,650,3000.0,-80.0,2299.000583485
0.0,650,3000.0,-70.0,2024.928731902
0.0,650,3000.0,-60.0,1773.291601278
0.0,650,3000.0,-50.0,1543.932442082
0.0,650,3000.0,-40.0,1339.685538412
0.0,650,3000.0,-30.0,1126.692528897
0.0,650,3000.0,-15.0,780.27390269
0.0,650,3000.0,0.0,609.393193568
0.0,650,3000.0,10.0,680.2363676
0.0,650,3000.0,20.0,865.318280486
0.0,650,3000.0,30.0,1070.033265479
0.0,650,3000.0,40.0,1274.145866321
0.0,650,3000.0,50.0,1470.069697957
0.0,650,3000.0,60.0,1688.900646823
0.0,650,3000.0,70.0,1928.557984878
0.0,650,3000.0,80.0,2189.539987789
0.0,650,3000.0,90.0,2519.11865469
0.0,650,3000.0,100.0,2912.755087715
0.0,650,3000.0,110.0,3354.104609417
0.0,650,3000.0,120.0,3843.885749148
0.0,650,3000.0,130.0,4295.453894844
0.0,650,3000.0,140.0,4898.566037711
0.0,650,3000.0,150.0,5548.688454257
0.0,650,3000.0,160.0,6290.609976233
0.0,650,3000.0,170.0,7104.730027778
0.0,650,3000.0,180.0,7718.995963646
0.0,650,3000.0,200.0,9350.943360423
0.0,650,4000.0,-200.0,9013.840069134
0.0,650,4000.0,-190.0,8425.45420063
0.0,650,4000.0,-180.0,7835.977063391
0.0,650,4000.0,-170.0,7239.317424142
0.0,650,4000.0,-160.0,6626.051384862
0.0,650,4000.0,-150.0,5989.13625365
0.0,650,4000.0,-140.0,5323.005907921
0.0,650,4000.0,-130.0,4624.719163899
0.0,650,4000.0,-120.0,3883.698197566
0.0,650,4000.0,-110.0,3276.309256146
0.0,650,4000.0,-100.0,2829.682239024
0.0,650,4000.0,-90.0,2531.081197967
0.0,650,4000.0,-80.0,2280.580997407
0.0,650,4000.0,-70.0,2044.613480799
0.0,650,4000.0,-60.0,1843.377287483
0.0,650,4000.0,-50.0,1642.674947293
0.0,650,4000.0,-40.0,1441.6363344
0.0,650,4000.0,-30.0,1248.686034543
0.0,650,4000.0,-15.0,903.951885924
0.0,650,4000.0,0.0,700.000541108
0.0,650,4000.0,10.0,780.522158435
0.0,650,4000.0,20.0,988.866628945
0.0,650,4000.0,30.0,1184.654888779
0.0,650,4000.0,40.0,1370.690721539
0.0,650,4000.0,50.0,1564.071058089
0.0,650,4000.0,60.0,1755.691964387
0.0,650,4000.0,70.0,1947.324959803
0.0,650,4000.0,80.0,2172.000052989
0.0,650,4000.0,90.0,2410.556202197
0.0,650,4000.0,100.0,2694.934286052
0.0,650,4000.0,110.0,3120.217862484
0.0,650,4000.0,120.0,3698.399065387
0.0,650,4000.0,130.0,4403.917022636
0.0,650,4000.0,140.0,5071.150144729
0.0,650,4000.0,150.0,5715.978451594
0.0,650,4000.0,160.0,6339.279793711
0.0,650,4000.0,170.0,6945.022620736
0.0,650,4000.0,180.0,7538.805536136
0.0,650,4000.0,200.0,8705.681055897
0.0,650,5000.0,-200.0,9166.117949068
0.0,650,5000.0,-190.0,8642.176810172
0.0,650,5000.0,-180.0,8116.152338228
0.0,650,5000.0,-170.0,7584.962443322
0.0,650,5000.0,-160.0,7045.270343033
0.0,650,5000.0,-150.0,6492.927429736
0.0,650,5000.0,-140.0,5924.126667686
0.0,650,5000.0,-130.0,5335.689398173
0.0,650,5000.0,-120.0,4724.36651202
0.0,650,5000.0,-110.0,4085.704151927
0.0,650,5000.0,-100.0,3411.188818218
0.0,650,5000.0,-90.0,2692.404101231
0.0,650,5000.0,-80.0,2149.76100516
0.0,650,5000.0,-70.0,1777.025913874
0.0,650,5000.0,-60.0,1524.603403309
0.0,650,5000.0,-50.0,1328.868520322
0.0,650,5000.0,-40.0,1219.231335619
0.0,650,5000.0,-30.0,1170.858745135
0.0,650,5000.0,-15.0,933.775784817
0.0,650,5000.0,0.0,771.240845473
0.0,650,5000.0,10.0,826.190737218
0.0,650,5000.0,20.0,982.161215244
0.0,650,5000.0,30.0,1107.283349913
0.0,650,5000.0,40.0,1160.306597994
0.0,650,5000.0,50.0,1266.064268065
0.0,650,5000.0,60.0,1452.268448491
0.0,650,5000.0,70.0,1692.426088452
0.0,650,5000.0,80.0,2047.244703411
0.0,650,5000.0,90.0,2563.946998889
0.0,650,5000.0,100.0,3249.216952202
0.0,650,5000.0,110.0,3895.256912946
0.0,650,5000.0,120.0,4509.977431796
0.0,650,5000.0,130.0,5101.591920824
0.0,650,5000.0,140.0,5674.567749333
0.0,650,5000.0,150.0,6232.154383755
0.0,650,5000.0,160.0,6777.241391794
0.0,650,5000.0,170.0,7312.968999525
0.0,650,5000.0,180.0,7842.485662133
0.0,650,5000.0,200.0,8883.310007569
0.0,650,6000.0,-200.0,9839.135545236
0.0,650,6000.0,-190.0,9324.652770342
0.0,650,6000.0,-180.0,8810.041114231
0.0,650,6000.0,-170.0,8295.241821952
0.0,650,6000.0,-160.0,7780.405397896
0.0,650,6000.0,-150.0,7265.908084092
0.0,650,6000.0,-140.0,6752.173891399
0.0,650,6000.0,-130.0,6239.133725076
0.0,650,6000.0,-120.0,5725.109067044
0.0,650,6000.0,-110.0,5204.88839578
0.0,650,6000.0,-100.0,4666.884215943
0.0,650,6000.0,-90.0,4087.611919066
0.0,650,6000.0,-80.0,3423.396295238
0.0,650,6000.0,-70.0,2600.396459827
0.0,650,6000.0,-60.0,2019.435629125
0.0,650,6000.0,-50.0,1650.326436654
0.0,650,6000.0,-40.0,1392.965074611
0.0,650,6000.0,-30.0,1218.929825922
0.0,650,6000.0,-15.0,1154.125460006
0.0,650,6000.0,0.0,1109.315740755
0.0,650,6000.0,10.0,1097.610267779
0.0,650,6000.0,20.0,1111.817182167
0.0,650,6000.0,30.0,1165.95756532
0.0,650,6000.0,40.0,1324.739608477
0.0,650,6000.0,50.0,1570.501267763
0.0,650,6000.0,60.0,1922.914157737
0.0,650,6000.0,70.0,2476.421924973
0.0,650,6000.0,80.0,3260.80122515
0.0,650,6000.0,90.0,3896.210572781
0.0,650,6000.0,100.0,4452.825867082
0.0,650,6000.0,110.0,4972.205291878
0.0,650,6000.0,120.0,5476.68696063
0.0,650,6000.0,130.0,5977.218725026
0.0,650,6000.0,140.0,6478.581534075
0.0,650,6000.0,150.0,6982.100823423
0.0,650,6000.0,160.0,7487.513679702
0.0,650,6000.0,170.0,7994.059255251
0.0,650,6000.0,180.0,8501.038877152
0.0,650,6000.0,200.0,9515.169128509
0.0,650,7000.0,-200.0,10871.305335355
0.0,650,7000.0,-190.0,10333.318541701
0.0,650,7000.0,-180.0,9795.18528199
0.0,650,7000.0,-170.0,9256.373799822
0.0,650,7000.0,-160.0,8715.725802753
0.0,650,7000.0,-150.0,8171.222125589
0.0,650,7000.0,-140.0,7619.792708178
0.0,650,7000.0,-130.0,7057.262661017
0.0,650,7000.0,-120.0,6478.584774662
0.0,650,7000.0,-110.0,5878.56325191
0.0,650,7000.0,-100.0,5253.298908343
0.0,650,7000.0,-90.0,4602.528561878
0.0,650,7000.0,-80.0,3932.824986145
0.0,650,7000.0,-70.0,3261.03327153
0.0,650,7000.0,-60.0,2614.023423983
0.0,650,7000.0,-50.0,2021.257095133
0.0,650,7000.0,-40.0,1610.863681594
0.0,650,7000.0,-30.0,1318.938303561
0.0,650,7000.0,-15.0,1011.65109022
0.0,650,7000.0,0.0,888.24714319
0.0,650,7000.0,10.0,928.16714108
0.0,650,7000.0,20.0,1062.908538263
0.0,650,7000.0,30.0,1259.089098003
0.0,650,7000.0,40.0,1531.969683782
0.0,650,7000.0,50.0,1923.845400776
0.0,650,7000.0,60.0,2489.527436356
0.0,650,7000.0,70.0,3107.064193556
0.0,650,7000.0,80.0,3748.657005631
0.0,650,7000.0,90.0,4388.995061989
0.0,650,7000.0,100.0,5012.251408435
0.0,650,7000.0,110.0,5612.289210951
0.0,650,7000.0,120.0,6189.394818288
0.0,650,7000.0,130.0,6747.243943256
0.0,650,7000.0,140.0,7290.692298148
0.0,650,7000.0,150.0,7824.418908037
0.0,650,7000.0,160.0,8352.252682014
0.0,650,7000.0,170.0,8876.958116005
0.0,650,7000.0,180.0,9400.282543199
0.0,650,7000.0,200.0,10444.747322713
0.0,650,8000.0,-200.0,12114.55397228
0.0,650,8000.0,-190.0,11521.257312717
0.0,650,8000.0,-180.0,10927.184299901
0.0,650,8000.0,-170.0,10330.906309733
0.0,650,8000.0,-160.0,9730.491885884
0.0,650,8000.0,-150.0,9123.719332907
0.0,650,8000.0,-140.0,8508.388516009
0.0,650,8000.0,-130.0,7882.748983997
0.0,650,8000.0,-120.0,7246.021859301
0.0,650,8000.0,-110.0,6598.932713842
0.0,650,8000.0,-100.0,5944.101381329
0.0,650,8000.0,-90.0,5286.078193956
0.0,650,8000.0,-80.0,4630.822526877
0.0,650,8000.0,-70.0,3984.578001191
0.0,650,8000.0,-60.0,3352.51693512
0.0,650,8000.0,-50.0,2738.286673088
0.0,650,8000.0,-40.0,2141.677058548
0.0,650,8000.0,-30.0,1700.676059843
0.0,650,8000.0,-15.0,1253.837093695
0.0,650,8000.0,0.0,1121.295796154
0.0,650,8000.0,10.0,1168.92340107
0.0,650,8000.0,20.0,1326.80873243
0.0,650,8000.0,30.0,1625.116167619
0.0,650,8000.0,40.0,2037.661079229
0.0,650,8000.0,50.0,2605.975503658
0.0,650,8000.0,60.0,3189.651858141
0.0,650,8000.0,70.0,3789.621016926
0.0,650,8000.0,80.0,4402.874759184
0.0,650,8000.0,90.0,5024.733557717
0.0,650,8000.0,100.0,5649.354404332
0.0,650,8000.0,110.0,6271.090394758
0.0,650,8000.0,120.0,6885.614785514
0.0,650,8000.0,130.0,7490.450921388
0.0,650,8000.0,140.0,8084.951306659
0.0,650,8000.0,150.0,8669.921969628
0.0,650,8000.0,160.0,9247.094929015
0.0,650,8000.0,170.0,9818.597438639
0.0,650,8000.0,180.0,10386.498110639
0.0,650,8000.0,200.0,11513.541111779
0.0,650,9000.0,-200.0,13436.166188201
0.0,650,9000.0,-190.0,12781.952892237
0.0,650,9000.0,-180.0,12127.33469247
0.0,650,9000.0,-170.0,11471.65633499
0.0,650,9000.0,-160.0,10814.158298517
0.0,650,9000.0,-150.0,10154.099239147
0.0,650,9000.0,-140.0,9490.836088068
0.0,650,9000.0,-130.0,8823.846027939
0.0,650,9000.0,-120.0,8152.688840668
0.0,650,9000.0,-110.0,7476.938296534
0.0,650,9000.0,-100.0,6796.158211251
0.0,650,9000.0,-90.0,6110.054497821
0.0,650,9000.0,-80.0,5418.975780406
0.0,650,9000.0,-70.0,4724.918555105
0.0,650,9000.0,-60.0,4033.055740751
0.0,650,9000.0,-50.0,3353.483476992
0.0,650,9000.0,-40.0,2702.362532108
0.0,650,9000.0,-30.0,2101.024222529
0.0,650,9000.0,-15.0,1403.748795223
0.0,650,9000.0,0.0,1144.188323189
0.0,650,9000.0,10.0,1256.182345893
0.0,650,9000.0,20.0,1563.327832996
0.0,650,9000.0,30.0,2005.131580924
0.0,650,9000.0,40.0,2567.094106728
0.0,650,9000.0,50.0,3178.265302488
0.0,650,9000.0,60.0,3817.461682203
0.0,650,9000.0,70.0,4468.489892676
0.0,650,9000.0,80.0,5121.062779124
0.0,650,9000.0,90.0,5769.776406212
0.0,650,9000.0,100.0,6412.47615305
0.0,650,9000.0,110.0,7048.789987017
0.0,650,9000.0,120.0,7679.128729644
0.0,650,9000.0,130.0,8304.150002658
0.0,650,9000.0,140.0,8924.550946758
0.0,650,9000.0,150.0,9541.035149777
0.0,650,9000.0,160.0,10154.334194591
0.0,650,9000.0,170.0,10765.213819437
0.0,650,9000.0,180.0,11374.437138343
0.0,650,9000.0,200.0,12588.493333908
0.0,650,10000.0,-200.0,14784.833254188
0.0,650,10000.0,-190.0,14077.284644509
0.0,650,10000.0,-180.0,13369.65876519
0.0,650,10000.0,-170.0,12661.874635961
0.0,650,10000.0,-160.0,11953.918893742
0.0,650,10000.0,-150.0,11245.908634113
0.0,650,10000.0,-140.0,10538.133319531
0.0,650,10000.0,-130.0,9831.054163408
0.0,650,10000.0,-120.0,9125.226493829
0.0,650,10000.0,-110.0,8421.094077123
0.0,650,10000.0,-100.0,7718.587111032
0.0,650,10000.0,-90.0,7016.445808647
0.0,650,10000.0,-80.0,6311.205858268
0.0,650,10000.0,-70.0,5595.847931996
0.0,650,10000.0,-60.0,4858.267712762
0.0,650,10000.0,-50.0,4080.002996989
0.0,650,10000.0,-40.0,3236.075677881
0.0,650,10000.0,-30.0,2297.321166189
0.0,650,10000.0,-15.0,1364.911023112
0.0,650,10000.0,0.0,1120.578225873
0.0,650,10000.0,10.0,1243.46667588
0.0,650,10000.0,20.0,1583.726971083
0.0,650,10000.0,30.0,2202.886203498
0.0,650,10000.0,40.0,3072.701809709
0.0,650,10000.0,50.0,3857.082518048
0.0,650,10000.0,60.0,4580.175223123
0.0,650,10000.0,70.0,5263.317493274
0.0,650,10000.0,80.0,5922.829183768
0.0,650,10000.0,90.0,6569.910966792
0.0,650,10000.0,100.0,7211.529060985
0.0,650,10000.0,110.0,7851.573315676
0.0,650,10000.0,120.0,8491.917243816
0.0,650,10000.0,130.0,9133.238489967
0.0,650,10000.0,140.0,9775.586472265
0.0,650,10000.0,150.0,10418.740186633
0.0,650,10000.0,160.0,11062.413278097
0.0,650,10000.0,170.0,11706.357690626
0.0,650,10000.0,180.0,12350.404963336
0.0,650,10000.0,200.0,13638.588917533
0.0,650,11000.0,-200.0,16151.703682313
0.0,650,11000.0,-190.0,15395.383045064
0.0,650,11000.0,-180.0,14639.112050023
0.0,650,11000.0,-170.0,13882.90593682
0.0,650,11000.0,-160.0,13126.662634203
0.0,650,11000.0,-150.0,12370.085027153
0.0,650,11000.0,-140.0,11612.616946591
0.0,650,11000.0,-130.0,10853.406973757
0.0,650,11000.0,-120.0,10091.319405787
0.0,650,11000.0,-110.0,9325.014152319
0.0,650,11000.0,-100.0,8553.112643513
0.0,650,11000.0,-90.0,7774.448565522
0.0,650,11000.0,-80.0,6988.361807243
0.0,650,11000.0,-70.0,6194.922011872
0.0,650,11000.0,-60.0,5394.858319646
0.0,650,11000.0,-50.0,4588.829453627
0.0,650,11000.0,-40.0,3775.52443128
0.0,650,11000.0,-30.0,2948.017587061
0.0,650,11000.0,-15.0,1630.475816153
0.0,650,11000.0,0.0,1302.480684942
0.0,650,11000.0,10.0,1481.789694325
0.0,650,11000.0,20.0,1959.448042638
0.0,650,11000.0,30.0,2800.406025316
0.0,650,11000.0,40.0,3584.669563073
0.0,650,11000.0,50.0,4335.541521835
0.0,650,11000.0,60.0,5065.70100426
0.0,650,11000.0,70.0,5781.707820097
0.0,650,11000.0,80.0,6487.066776673
0.0,650,11000.0,90.0,7184.006671386
0.0,650,11000.0,100.0,7874.337326753
0.0,650,11000.0,110.0,8559.746832588
0.0,650,11000.0,120.0,9241.817056749
0.0,650,11000.0,130.0,9921.937654838
0.0,650,11000.0,140.0,10601.217644283
0.0,650,11000.0,150.0,11280.437369179
0.0,650,11000.0,160.0,11960.050146968
0.0,650,11000.0,170.0,12640.226243564
0.0,650,11000.0,180.0,13320.926109446
0.0,650,11000.0,200.0,14683.965150737
0.0,650,12000.0,-200.0,17536.028293687
0.0,650,12000.0,-190.0,16724.76765711
0.0,650,12000.0,-180.0,15913.559902725
0.0,650,12000.0,-170.0,15102.415379631
0.0,650,12000.0,-160.0,14291.204505762
0.0,650,12000.0,-150.0,13479.556534548
0.0,650,12000.0,-140.0,12666.755066618
0.0,650,12000.0,-130.0,11851.636140315
0.0,650,12000.0,-120.0,11032.503733221
0.0,650,12000.0,-110.0,10207.091553175
0.0,650,12000.0,-100.0,9372.620550341
0.0,650,12000.0,-90.0,8526.029674145
0.0,650,12000.0,-80.0,7664.492434486
0.0,650,12000.0,-70.0,6786.369394886
0.0,650,12000.0,-60.0,5892.775003553
0.0,650,12000.0,-50.0,4989.931569789
0.0,650,12000.0,-40.0,4092.399359944
0.0,650,12000.0,-30.0,3227.038153942
0.0,650,12000.0,-15.0,2105.696516685
0.0,650,12000.0,0.0,1736.074446365
0.0,650,12000.0,10.0,1904.379500852
0.0,650,12000.0,20.0,2365.895283909
0.0,650,12000.0,30.0,3062.415181432
0.0,650,12000.0,40.0,3819.033338286
0.0,650,12000.0,50.0,4601.335895579
0.0,650,12000.0,60.0,5388.092899096
0.0,650,12000.0,70.0,6168.050126184
0.0,650,12000.0,80.0,6936.682998054
0.0,650,12000.0,90.0,7693.513654165
0.0,650,12000.0,100.0,8440.153342532
0.0,650,12000.0,110.0,9179.012878819
0.0,650,12000.0,120.0,9912.539212393
0.0,650,12000.0,130.0,10642.824592944
0.0,650,12000.0,140.0,11371.456762344
0.0,650,12000.0,150.0,12099.511050953
0.0,650,12000.0,160.0,12827.616612649
0.0,650,12000.0,170.0,13556.054561821
0.0,650,12000.0,180.0,14284.864492025
0.0,650,12000.0,200.0,15743.717633853
0.0,650,13000.0,-200.0,18931.85254653
0.0,650,13000.0,-190.0,18057.565415937
0.0,650,13000.0,-180.0,17183.168616216
0.0,650,13000.0,-170.0,16308.519927936
0.0,650,13000.0,-160.0,15433.523281295
0.0,650,13000.0,-150.0,14558.210445523
0.0,650,13000.0,-140.0,13682.825125813
0.0,650,13000.0,-130.0,12807.904926859
0.0,650,13000.0,-120.0,11934.350498672
0.0,650,13000.0,-110.0,11063.462656632
0.0,650,13000.0,-100.0,10196.917368345
0.0,650,13000.0,-90.0,9336.635755771
0.0,650,13000.0,-80.0,8484.493270256
0.0,650,13000.0,-70.0,7641.802457136
0.0,650,13000.0,-60.0,6808.503808522
0.0,650,13000.0,-50.0,5982.020252901
0.0,650,13000.0,-40.0,5155.790151872
0.0,650,13000.0,-30.0,4317.615779929
0.0,650,13000.0,-15.0,2987.085488096
0.0,650,13000.0,0.0,2352.78411941
0.0,650,13000.0,10.0,2615.398482335
0.0,650,13000.0,20.0,3284.722067031
0.0,650,13000.0,30.0,3942.837375726
0.0,650,13000.0,40.0,4605.811426009
0.0,650,13000.0,50.0,5283.813589154
0.0,650,13000.0,60.0,5981.745003017
0.0,650,13000.0,70.0,6700.533003652
0.0,650,13000.0,80.0,7438.517988167
0.0,650,13000.0,90.0,8192.646648577
0.0,650,13000.0,100.0,8959.367679911
0.0,650,13000.0,110.0,9735.228711258
0.0,650,13000.0,120.0,10517.221799949
0.0,650,13000.0,130.0,11302.940297006
0.0,650,13000.0,140.0,12090.607355854
0.0,650,13000.0,150.0,12879.025689568
0.0,650,13000.0,160.0,13667.485229359
0.0,650,13000.0,170.0,14455.653170874
0.0,650,13000.0,180.0,15243.46085703
0.0,650,13000.0,200.0,16817.842626919
