Speed (rpm),Torque (N*m),Fuel mass flow (kg_h)
0.0,-47.596236731,0.061667148
0.0,-23.231804547,0.117415672
0.0,1.132627636,0.185797536
0.0,10.165143388,0.193311979
0.0,19.917982745,0.199521678
0.0,29.903481745,0.215088155
0.0,39.876459703,0.241365687
0.0,49.984662137,0.272720644
0.0,59.93755322,0.301523954
0.0,69.9173203,0.329399882
0.0,79.912941509,0.356237402
0.0,89.865260607,0.378044832
0.0,99.984835338,0.401047568
0.0,109.7772507,0.4588976
0.0,119.921905256,0.621095447
0.0,129.650015135,0.931010045
0.0,139.910646644,1.413807012
0.0,149.920695721,1.983220622
0.0,156.77749935,2.383067852
0.0,167.878603188,3.018784282
0.0,179.88251465,3.66832185
0.0,188.989002267,4.144465491
0.0,197.3975976,4.578348609
0.0,210.116666667,5.229757257
431.04732038,-47.596236731,0.0
431.04732038,-23.231804547,0.153058302
431.04732038,1.132627636,0.347650355
431.04732038,10.165143388,0.408477899
431.04732038,19.917982745,0.487831479
431.04732038,29.903481745,0.588008474
431.04732038,39.876459703,0.696758239
431.04732038,49.984662137,0.796106744
431.04732038,59.93755322,0.890356183
431.04732038,69.9173203,1.000431591
431.04732038,79.912941509,1.134072338
431.04732038,89.865260607,1.283458482
431.04732038,99.984835338,1.432934209
431.04732038,109.7772507,1.570221296
431.04732038,119.921905256,1.766126059
431.04732038,129.650015135,2.134591644
431.04732038,139.910646644,2.73614663
431.04732038,149.920695721,3.398207226
431.04732038,156.77749935,3.836201386
431.04732038,167.878603188,4.50036224
431.04732038,179.88251465,5.182054589
431.04732038,188.989002267,5.688629767
431.04732038,197.3975976,6.156394563
431.04732038,210.116666667,6.871630219
862.094640761,-47.596236731,0.0
862.094640761,-23.231804547,0.193890142
862.094640761,1.132627636,0.497107945
862.094640761,10.165143388,0.614211569
862.094640761,19.917982745,0.791376483
862.094640761,29.903481745,0.971707151
862.094640761,39.876459703,1.152780793
862.094640761,49.984662137,1.308485836
862.094640761,59.93755322,1.480806584
862.094640761,69.9173203,1.676915183
862.094640761,79.912941509,1.898040723
862.094640761,89.865260607,2.146445529
862.094640761,99.984835338,2.420826675
862.094640761,109.7772507,2.69259087
862.094640761,119.921905256,3.007505397
862.094640761,129.650015135,3.404265277
862.094640761,139.910646644,4.08788324
862.094640761,149.920695721,4.774172024
862.094640761,156.77749935,5.233939651
862.094640761,167.878603188,5.959533139
862.094640761,179.88251465,6.692781738
862.094640761,188.989002267,7.235106766
862.094640761,197.3975976,7.739923608
862.094640761,210.116666667,8.517385845
998.379198104,-47.596236731,0.0
998.379198104,-23.231804547,0.208564714
998.379198104,1.132627636,0.557863202
998.379198104,10.165143388,0.693001198
998.379198104,19.917982745,0.896641785
998.379198104,29.903481745,1.098436483
998.379198104,39.876459703,1.292661577
998.379198104,49.984662137,1.467244117
998.379198104,59.93755322,1.670236385
998.379198104,69.9173203,1.895182544
998.379198104,79.912941509,2.138137026
998.379198104,89.865260607,2.404969876
998.379198104,99.984835338,2.707933134
998.379198104,109.7772507,3.036603238
998.379198104,119.921905256,3.448459321
998.379198104,129.650015135,3.853496414
998.379198104,139.910646644,4.518143311
998.379198104,149.920695721,5.183235583
998.379198104,156.77749935,5.650579284
998.379198104,167.878603188,6.41757538
998.379198104,179.88251465,7.169375354
998.379198104,188.989002267,7.725681416
998.379198104,197.3975976,8.244182897
998.379198104,210.116666667,9.037954548
1246.385647233,-47.596236731,0.0
1246.385647233,-23.231804547,0.236866293
1246.385647233,1.132627636,0.682934519
1246.385647233,10.165143388,0.862154219
1246.385647233,19.917982745,1.101166664
1246.385647233,29.903481745,1.341870482
1246.385647233,39.876459703,1.557938572
1246.385647233,49.984662137,1.774326362
1246.385647233,59.93755322,2.029963118
1246.385647233,69.9173203,2.296954149
1246.385647233,79.912941509,2.580477526
1246.385647233,89.865260607,2.86160738
1246.385647233,99.984835338,3.202083641
1246.385647233,109.7772507,3.648369476
1246.385647233,119.921905256,4.29541889
1246.385647233,129.650015135,4.74167441
1246.385647233,139.910646644,5.293189201
1246.385647233,149.920695721,5.898414318
1246.385647233,156.77749935,6.383517536
1246.385647233,167.878603188,7.246977642
1246.385647233,179.88251465,8.035267778
1246.385647233,188.989002267,8.621038898
1246.385647233,197.3975976,9.166181285
1246.385647233,210.116666667,9.984983197
1493.340319658,-47.596236731,0.0
1493.340319658,-23.231804547,0.267551839
1493.340319658,1.132627636,0.821282237
1493.340319658,10.165143388,1.044783385
1493.340319658,19.917982745,1.322543734
1493.340319658,29.903481745,1.598544107
1493.340319658,39.876459703,1.863275731
1493.340319658,49.984662137,2.122753767
1493.340319658,59.93755322,2.430246067
1493.340319658,69.9173203,2.745519908
1493.340319658,79.912941509,3.061728523
1493.340319658,89.865260607,3.382824764
1493.340319658,99.984835338,3.748136724
1493.340319658,109.7772507,4.238425217
1493.340319658,119.921905256,5.002184161
1493.340319658,129.650015135,5.47070929
1493.340319658,139.910646644,5.986889234
1493.340319658,149.920695721,6.543712841
1493.340319658,156.77749935,7.06476596
1493.340319658,167.878603188,8.049029764
1493.340319658,179.88251465,8.894464024
1493.340319658,188.989002267,9.524542622
1493.340319658,197.3975976,10.096237041
1493.340319658,210.116666667,10.925271162
1628.334719,-47.596236731,0.0
1628.334719,-23.231804547,0.285479767
1628.334719,1.132627636,0.907658272
1628.334719,10.165143388,1.150437631
1628.334719,19.917982745,1.445106237
1628.334719,29.903481745,1.741382591
1628.334719,39.876459703,2.034781778
1628.334719,49.984662137,2.323025476
1628.334719,59.93755322,2.652557535
1628.334719,69.9173203,2.993546522
1628.334719,79.912941509,3.341362803
1628.334719,89.865260607,3.68921909
1628.334719,99.984835338,4.076215698
1628.334719,109.7772507,4.557051981
1628.334719,119.921905256,5.288990406
1628.334719,129.650015135,5.804834534
1628.334719,139.910646644,6.314964851
1628.334719,149.920695721,6.876891743
1628.334719,156.77749935,7.422986196
1628.334719,167.878603188,8.462795579
1628.334719,179.88251465,9.365187225
1628.334719,188.989002267,10.026460199
1628.334719,197.3975976,10.609274669
1628.334719,210.116666667,11.43781203
1746.578197667,-47.596236731,0.0
1746.578197667,-23.231804547,0.30143911
1746.578197667,1.132627636,0.983703331
1746.578197667,10.165143388,1.242534288
1746.578197667,19.917982745,1.553877641
1746.578197667,29.903481745,1.866505994
1746.578197667,39.876459703,2.184924818
1746.578197667,49.984662137,2.500426984
1746.578197667,59.93755322,2.848059184
1746.578197667,69.9173203,3.210416395
1746.578197667,79.912941509,3.589849765
1746.578197667,89.865260607,3.964348207
1746.578197667,99.984835338,4.368903146
1746.578197667,109.7772507,4.838127401
1746.578197667,119.921905256,5.523408624
1746.578197667,129.650015135,6.056435398
1746.578197667,139.910646644,6.584997179
1746.578197667,149.920695721,7.166143084
1746.578197667,156.77749935,7.732453718
1746.578197667,167.878603188,8.808243724
1746.578197667,179.88251465,9.779498487
1746.578197667,188.989002267,10.470127637
1746.578197667,197.3975976,11.060261814
1746.578197667,210.116666667,11.886284158
1844.506494,-47.596236731,0.0
1844.506494,-23.231804547,0.314697308
1844.506494,1.132627636,1.044669542
1844.506494,10.165143388,1.317519566
1844.506494,19.917982745,1.645016069
1844.506494,29.903481745,1.969700589
1844.506494,39.876459703,2.307936164
1844.506494,49.984662137,2.648066617
1844.506494,59.93755322,3.010968585
1844.506494,69.9173203,3.389050023
1844.506494,79.912941509,3.796043549
1844.506494,89.865260607,4.195199853
1844.506494,99.984835338,4.610916868
1844.506494,109.7772507,5.076949994
1844.506494,119.921905256,5.715922762
1844.506494,129.650015135,6.240996512
1844.506494,139.910646644,6.798843406
1844.506494,149.920695721,7.409508962
1844.506494,156.77749935,7.987004416
1844.506494,167.878603188,9.078023709
1844.506494,179.88251465,10.125339406
1844.506494,188.989002267,10.840336428
1844.506494,197.3975976,11.434518532
1844.506494,210.116666667,12.257634522
1997.121425476,-47.596236731,0.0
1997.121425476,-23.231804547,0.335513469
1997.121425476,1.132627636,1.136346459
1997.121425476,10.165143388,1.431749121
1997.121425476,19.917982745,1.788366536
1997.121425476,29.903481745,2.130239944
1997.121425476,39.876459703,2.499092267
1997.121425476,49.984662137,2.87923974
1997.121425476,59.93755322,3.266681096
1997.121425476,69.9173203,3.666910863
1997.121425476,79.912941509,4.114705505
1997.121425476,89.865260607,4.557280544
1997.121425476,99.984835338,4.98907868
1997.121425476,109.7772507,5.457026366
1997.121425476,119.921905256,6.023106084
1997.121425476,129.650015135,6.509616417
1997.121425476,139.910646644,7.127511753
1997.121425476,149.920695721,7.79583569
1997.121425476,156.77749935,8.386451465
1997.121425476,167.878603188,9.483230495
1997.121425476,179.88251465,10.673501523
1997.121425476,188.989002267,11.423043325
1997.121425476,197.3975976,12.018920869
1997.121425476,210.116666667,12.836940147
2495.389229711,-47.596236731,0.0
2495.389229711,-23.231804547,0.409639341
2495.389229711,1.132627636,1.378803313
2495.389229711,10.165143388,1.779341609
2495.389229711,19.917982745,2.230243011
2495.389229711,29.903481745,2.683102781
2495.389229711,39.876459703,3.172173331
2495.389229711,49.984662137,3.65830146
2495.389229711,59.93755322,4.123876016
2495.389229711,69.9173203,4.631611136
2495.389229711,79.912941509,5.168328411
2495.389229711,89.865260607,5.642479877
2495.389229711,99.984835338,6.295632243
2495.389229711,109.7772507,6.819767278
2495.389229711,119.921905256,7.431691536
2495.389229711,129.650015135,8.032389833
2495.389229711,139.910646644,8.571426763
2495.389229711,149.920695721,9.340514667
2495.389229711,156.77749935,9.979362608
2495.389229711,167.878603188,11.040841871
2495.389229711,179.88251465,12.795139752
2495.389229711,188.989002267,13.423033646
2495.389229711,197.3975976,13.942979065
2495.389229711,210.116666667,14.78007632
2994.955249763,-47.596236731,0.0
2994.955249763,-23.231804547,0.540645335
2994.955249763,1.132627636,1.72493885
2994.955249763,10.165143388,2.277689518
2994.955249763,19.917982745,2.848984569
2994.955249763,29.903481745,3.307518376
2994.955249763,39.876459703,3.84928001
2994.955249763,49.984662137,4.434947212
2994.955249763,59.93755322,5.021598003
2994.955249763,69.9173203,5.669609679
2994.955249763,79.912941509,6.25630348
2994.955249763,89.865260607,6.893217906
2994.955249763,99.984835338,7.582831427
2994.955249763,109.7772507,8.21582139
2994.955249763,119.921905256,8.84223759
2994.955249763,129.650015135,9.449724698
2994.955249763,139.910646644,10.209551603
2994.955249763,149.920695721,11.06774803
2994.955249763,156.77749935,11.72784322
2994.955249763,167.878603188,12.90084062
2994.955249763,179.88251465,14.2494072
2994.955249763,188.989002267,15.160935609
2994.955249763,197.3975976,15.996966474
2994.955249763,210.116666667,17.268927825
3244.553506,-47.596236731,0.0
3244.553506,-23.231804547,0.628545981
3244.553506,1.132627636,1.963281596
3244.553506,10.165143388,2.489071419
3244.553506,19.917982745,3.080318759
3244.553506,29.903481745,3.645783172
3244.553506,39.876459703,4.24330493
3244.553506,49.984662137,4.894583404
3244.553506,59.93755322,5.572122926
3244.553506,69.9173203,6.245105103
3244.553506,79.912941509,6.877753353
3244.553506,89.865260607,7.569679154
3244.553506,99.984835338,8.287486941
3244.553506,109.7772507,8.976919525
3244.553506,119.921905256,9.663393113
3244.553506,129.650015135,10.312410758
3244.553506,139.910646644,11.153901821
3244.553506,149.920695721,12.048912352
3244.553506,156.77749935,12.687787577
3244.553506,167.878603188,13.772573972
3244.553506,179.88251465,15.156469816
3244.553506,188.989002267,16.212264212
3244.553506,197.3975976,17.214156361
3244.553506,210.116666667,18.762564295
3493.872363447,-47.596236731,0.0
3493.872363447,-23.231804547,0.724802285
3493.872363447,1.132627636,2.183539786
3493.872363447,10.165143388,2.710782976
3493.872363447,19.917982745,3.345891362
3493.872363447,29.903481745,4.01049488
3493.872363447,39.876459703,4.683024578
3493.872363447,49.984662137,5.402306598
3493.872363447,59.93755322,6.157141961
3493.872363447,69.9173203,6.867969583
3493.872363447,79.912941509,7.540915836
3493.872363447,89.865260607,8.279508527
3493.872363447,99.984835338,9.011580088
3493.872363447,109.7772507,9.761409187
3493.872363447,119.921905256,10.517310279
3493.872363447,129.650015135,11.219300561
3493.872363447,139.910646644,12.131662798
3493.872363447,149.920695721,13.053332253
3493.872363447,156.77749935,13.696795154
3493.872363447,167.878603188,14.75632701
3493.872363447,179.88251465,16.204427907
3493.872363447,188.989002267,17.375935974
3493.872363447,197.3975976,18.543444651
3493.872363447,210.116666667,20.386346939
3744.15655,-47.596236731,0.0
3744.15655,-23.231804547,0.827844847
3744.15655,1.132627636,2.419252912
3744.15655,10.165143388,2.996733554
3744.15655,19.917982745,3.693597657
3744.15655,29.903481745,4.428945277
3744.15655,39.876459703,5.195765598
3744.15655,49.984662137,5.983445841
3744.15655,59.93755322,6.76839315
3744.15655,69.9173203,7.542071479
3744.15655,79.912941509,8.28202188
3744.15655,89.865260607,9.032971187
3744.15655,99.984835338,9.752334403
3744.15655,109.7772507,10.562872928
3744.15655,119.921905256,11.366271435
3744.15655,129.650015135,12.191542097
3744.15655,139.910646644,13.116804048
3744.15655,149.920695721,14.054094547
3744.15655,156.77749935,14.761994628
3744.15655,167.878603188,16.024777176
3744.15655,179.88251465,17.438281401
3744.15655,188.989002267,18.700986767
3744.15655,197.3975976,20.020472214
3744.15655,210.116666667,22.167286548
3993.635655447,-47.596236731,0.0
3993.635655447,-23.231804547,0.935292117
3993.635655447,1.132627636,2.672141111
3993.635655447,10.165143388,3.304955629
3993.635655447,19.917982745,4.080293218
3993.635655447,29.903481745,4.865848669
3993.635655447,39.876459703,5.724718623
3993.635655447,49.984662137,6.573616238
3993.635655447,59.93755322,7.372888207
3993.635655447,69.9173203,8.219483233
3993.635655447,79.912941509,9.023498048
3993.635655447,89.865260607,9.794166298
3993.635655447,99.984835338,10.552342327
3993.635655447,109.7772507,11.382575575
3993.635655447,119.921905256,12.208862478
3993.635655447,129.650015135,13.176373214
3993.635655447,139.910646644,14.104521412
3993.635655447,149.920695721,15.055365049
3993.635655447,156.77749935,15.851946146
3993.635655447,167.878603188,17.392136983
3993.635655447,179.88251465,18.78392228
3993.635655447,188.989002267,20.14952595
3993.635655447,197.3975976,21.651837869
3993.635655447,210.116666667,24.104290278
4493.244581868,-47.596236731,0.0
4493.244581868,-23.231804547,1.165716463
4493.244581868,1.132627636,3.200671564
4493.244581868,10.165143388,3.965834052
4493.244581868,19.917982745,4.79778032
4493.244581868,29.903481745,5.708021033
4493.244581868,39.876459703,6.609293266
4493.244581868,49.984662137,7.549289132
4493.244581868,59.93755322,8.432208175
4493.244581868,69.9173203,9.355207505
4493.244581868,79.912941509,10.273846746
4493.244581868,89.865260607,11.069210319
4493.244581868,99.984835338,11.99474836
4493.244581868,109.7772507,12.963291535
4493.244581868,119.921905256,13.970390245
4493.244581868,129.650015135,15.023936751
4493.244581868,139.910646644,16.030922574
4493.244581868,149.920695721,17.206393934
4493.244581868,156.77749935,18.114637407
4493.244581868,167.878603188,19.635013253
4493.244581868,179.88251465,21.759678251
4493.244581868,188.989002267,23.649592273
4493.244581868,197.3975976,25.657178756
4493.244581868,210.116666667,28.701377679
4996.622290934,-47.596236731,0.0
4996.622290934,-23.231804547,1.407883839
4996.622290934,1.132627636,3.758595942
4996.622290934,10.165143388,4.637638803
4996.622290934,19.917982745,5.586404672
4996.622290934,29.903481745,6.562934587
4996.622290934,39.876459703,7.543709534
4996.622290934,49.984662137,8.5571782
4996.622290934,59.93755322,9.577043423
4996.622290934,69.9173203,10.631654351
4996.622290934,79.912941509,11.710291754
4996.622290934,89.865260607,12.781606116
4996.622290934,99.984835338,13.866875038
4996.622290934,109.7772507,14.87703804
4996.622290934,119.921905256,15.917468019
4996.622290934,129.650015135,16.984339703
4996.622290934,139.910646644,18.294714454
4996.622290934,149.920695721,19.963809491
4996.622290934,156.77749935,21.344944177
4996.622290934,167.878603188,23.955138015
4996.622290934,179.88251465,27.085245707
4996.622290934,188.989002267,29.317570693
4996.622290934,197.3975976,31.327381292
4996.622290934,210.116666667,34.332659507
5500.0,-47.596236731,0.0
5500.0,-23.231804547,1.657126551
5500.0,1.132627636,4.309956336
5500.0,10.165143388,5.300943296
5500.0,19.917982745,6.365753278
5500.0,29.903481745,7.417088494
5500.0,39.876459703,8.476373178
5500.0,49.984662137,9.585231335
5500.0,59.93755322,10.729005433
5500.0,69.9173203,11.938202371
5500.0,79.912941509,13.221852887
5500.0,89.865260607,14.562735155
5500.0,99.984835338,15.909460021
5500.0,109.7772507,16.975927381
5500.0,119.921905256,18.099252831
5500.0,129.650015135,19.333027905
5500.0,139.910646644,20.954095639
5500.0,149.920695721,23.129943235
5500.0,156.77749935,25.15976586
5500.0,167.878603188,29.067890222
5500.0,179.88251465,33.485616806
5500.0,188.989002267,35.747201576
5500.0,197.3975976,37.68858536
5500.0,210.116666667,40.658011383
6187.5,-47.596236731,0.0
6187.5,-23.231804547,2.003146312
6187.5,1.132627636,5.011633903
6187.5,10.165143388,6.113675048
6187.5,19.917982745,7.296233363
6187.5,29.903481745,8.500829214
6187.5,39.876459703,9.714764539
6187.5,49.984662137,10.980303557
6187.5,59.93755322,12.283425875
6187.5,69.9173203,13.660747222
6187.5,79.912941509,15.11261867
6187.5,89.865260607,16.614065011
6187.5,99.984835338,18.173831227
6187.5,109.7772507,19.723417511
6187.5,119.921905256,21.466812106
6187.5,129.650015135,23.413604941
6187.5,139.910646644,25.917980476
6187.5,149.920695721,28.943152316
6187.5,156.77749935,31.293384869
6187.5,167.878603188,35.485679127
6187.5,179.88251465,40.105103997
6187.5,188.989002267,43.314695528
6187.5,197.3975976,46.106376163
6187.5,210.116666667,50.123452562
6875.0,-47.596236731,0.0
6875.0,-23.231804547,2.343837734
6875.0,1.132627636,5.671750391
6875.0,10.165143388,6.891696828
6875.0,19.917982745,8.207053742
6875.0,29.903481745,9.558680136
6875.0,39.876459703,10.923042317
6875.0,49.984662137,12.333219985
6875.0,59.93755322,13.764321248
6875.0,69.9173203,15.261285427
6875.0,79.912941509,16.850894576
6875.0,89.865260607,18.564025387
6875.0,99.984835338,20.498690153
6875.0,109.7772507,22.621743128
6875.0,119.921905256,25.14305604
6875.0,129.650015135,27.912152555
6875.0,139.910646644,31.220159428
6875.0,149.920695721,34.80157152
6875.0,156.77749935,37.389047934
6875.0,167.878603188,41.779093819
6875.0,179.88251465,46.761541148
6875.0,188.989002267,50.62163446
6875.0,197.3975976,54.201416613
6875.0,210.116666667,59.611824898
