rpm,torque_Nm,quadrant,inside_FullLoad,status
1000.0,10.0,Q1,1,inside_FullLoad
1000.0,20.0,Q1,1,inside_FullLoad
1000.0,30.0,Q1,1,inside_FullLoad
1000.0,40.0,Q1,1,inside_FullLoad
1000.0,50.0,Q1,1,inside_FullLoad
1000.0,60.0,Q1,1,inside_FullLoad
1000.0,70.0,Q1,1,inside_FullLoad
1000.0,80.0,Q1,1,inside_FullLoad
1000.0,90.0,Q1,1,inside_FullLoad
1000.0,100.0,Q1,1,inside_FullLoad
1000.0,110.0,Q1,1,inside_FullLoad
1000.0,120.0,Q1,1,inside_FullLoad
1000.0,130.0,Q1,1,inside_FullLoad
1000.0,140.0,Q1,1,inside_FullLoad
1000.0,150.0,Q1,1,inside_FullLoad
1000.0,160.0,Q1,1,inside_FullLoad
1000.0,170.0,Q1,1,inside_FullLoad
1000.0,180.0,Q1,1,inside_FullLoad
1000.0,200.0,Q1,1,inside_FullLoad
2000.0,10.0,Q1,1,inside_FullLoad
2000.0,20.0,Q1,1,inside_FullLoad
2000.0,30.0,Q1,1,inside_FullLoad
2000.0,40.0,Q1,1,inside_FullLoad
2000.0,50.0,Q1,1,inside_FullLoad
2000.0,60.0,Q1,1,inside_FullLoad
2000.0,70.0,Q1,1,inside_FullLoad
2000.0,80.0,Q1,1,inside_FullLoad
2000.0,90.0,Q1,1,inside_FullLoad
2000.0,100.0,Q1,1,inside_FullLoad
2000.0,110.0,Q1,1,inside_FullLoad
2000.0,120.0,Q1,1,inside_FullLoad
2000.0,130.0,Q1,1,inside_FullLoad
2000.0,140.0,Q1,1,inside_FullLoad
2000.0,150.0,Q1,1,inside_FullLoad
2000.0,160.0,Q1,1,inside_FullLoad
2000.0,170.0,Q1,1,inside_FullLoad
2000.0,180.0,Q1,1,inside_FullLoad
2000.0,200.0,Q1,0,extension_outside_FullLoad
3000.0,10.0,Q1,1,inside_FullLoad
3000.0,20.0,Q1,1,inside_FullLoad
3000.0,30.0,Q1,1,inside_FullLoad
3000.0,40.0,Q1,1,inside_FullLoad
3000.0,50.0,Q1,1,inside_FullLoad
3000.0,60.0,Q1,1,inside_FullLoad
3000.0,70.0,Q1,1,inside_FullLoad
3000.0,80.0,Q1,1,inside_FullLoad
3000.0,90.0,Q1,1,inside_FullLoad
3000.0,100.0,Q1,1,inside_FullLoad
3000.0,110.0,Q1,1,inside_FullLoad
3000.0,120.0,Q1,1,inside_FullLoad
3000.0,130.0,Q1,1,inside_FullLoad
3000.0,140.0,Q1,1,inside_FullLoad
3000.0,150.0,Q1,1,inside_FullLoad
3000.0,160.0,Q1,1,inside_FullLoad
3000.0,170.0,Q1,1,inside_FullLoad
3000.0,180.0,Q1,1,inside_FullLoad
3000.0,200.0,Q1,0,extension_outside_FullLoad
4000.0,10.0,Q1,1,inside_FullLoad
4000.0,20.0,Q1,1,inside_FullLoad
4000.0,30.0,Q1,1,inside_FullLoad
4000.0,40.0,Q1,1,inside_FullLoad
4000.0,50.0,Q1,1,inside_FullLoad
4000.0,60.0,Q1,1,inside_FullLoad
4000.0,70.0,Q1,1,inside_FullLoad
4000.0,80.0,Q1,1,inside_FullLoad
4000.0,90.0,Q1,1,inside_FullLoad
4000.0,100.0,Q1,1,inside_FullLoad
4000.0,110.0,Q1,1,inside_FullLoad
4000.0,120.0,Q1,1,inside_FullLoad
4000.0,130.0,Q1,1,inside_FullLoad
4000.0,140.0,Q1,1,inside_FullLoad
4000.0,150.0,Q1,0,extension_outside_FullLoad
4000.0,160.0,Q1,0,extension_outside_FullLoad
4000.0,170.0,Q1,0,extension_outside_FullLoad
4000.0,180.0,Q1,0,extension_outside_FullLoad
4000.0,200.0,Q1,0,extension_outside_FullLoad
5000.0,10.0,Q1,1,inside_FullLoad
5000.0,20.0,Q1,1,inside_FullLoad
5000.0,30.0,Q1,1,inside_FullLoad
5000.0,40.0,Q1,1,inside_FullLoad
5000.0,50.0,Q1,1,inside_FullLoad
5000.0,60.0,Q1,1,inside_FullLoad
5000.0,70.0,Q1,1,inside_FullLoad
5000.0,80.0,Q1,1,inside_FullLoad
5000.0,90.0,Q1,1,inside_FullLoad
5000.0,100.0,Q1,1,inside_FullLoad
5000.0,110.0,Q1,0,extension_outside_FullLoad
5000.0,120.0,Q1,0,extension_outside_FullLoad
5000.0,130.0,Q1,0,extension_outside_FullLoad
5000.0,140.0,Q1,0,extension_outside_FullLoad
5000.0,150.0,Q1,0,extension_outside_FullLoad
5000.0,160.0,Q1,0,extension_outside_FullLoad
5000.0,170.0,Q1,0,extension_outside_FullLoad
5000.0,180.0,Q1,0,extension_outside_FullLoad
5000.0,200.0,Q1,0,extension_outside_FullLoad
6000.0,10.0,Q1,1,inside_FullLoad
6000.0,20.0,Q1,1,inside_FullLoad
6000.0,30.0,Q1,1,inside_FullLoad
6000.0,40.0,Q1,1,inside_FullLoad
6000.0,50.0,Q1,1,inside_FullLoad
6000.0,60.0,Q1,1,inside_FullLoad
6000.0,70.0,Q1,1,inside_FullLoad
6000.0,80.0,Q1,1,inside_FullLoad
6000.0,90.0,Q1,0,extension_outside_FullLoad
6000.0,100.0,Q1,0,extension_outside_FullLoad
6000.0,110.0,Q1,0,extension_outside_FullLoad
6000.0,120.0,Q1,0,extension_outside_FullLoad
6000.0,130.0,Q1,0,extension_outside_FullLoad
6000.0,140.0,Q1,0,extension_outside_FullLoad
6000.0,150.0,Q1,0,extension_outside_FullLoad
6000.0,160.0,Q1,0,extension_outside_FullLoad
6000.0,170.0,Q1,0,extension_outside_FullLoad
6000.0,180.0,Q1,0,extension_outside_FullLoad
6000.0,200.0,Q1,0,extension_outside_FullLoad
7000.0,10.0,Q1,1,inside_FullLoad
7000.0,20.0,Q1,1,inside_FullLoad
7000.0,30.0,Q1,1,inside_FullLoad
7000.0,40.0,Q1,1,inside_FullLoad
7000.0,50.0,Q1,1,inside_FullLoad
7000.0,60.0,Q1,1,inside_FullLoad
7000.0,70.0,Q1,0,extension_outside_FullLoad
7000.0,80.0,Q1,0,extension_outside_FullLoad
7000.0,90.0,Q1,0,extension_outside_FullLoad
7000.0,100.0,Q1,0,extension_outside_FullLoad
7000.0,110.0,Q1,0,extension_outside_FullLoad
7000.0,120.0,Q1,0,extension_outside_FullLoad
7000.0,130.0,Q1,0,extension_outside_FullLoad
7000.0,140.0,Q1,0,extension_outside_FullLoad
7000.0,150.0,Q1,0,extension_outside_FullLoad
7000.0,160.0,Q1,0,extension_outside_FullLoad
7000.0,170.0,Q1,0,extension_outside_FullLoad
7000.0,180.0,Q1,0,extension_outside_FullLoad
7000.0,200.0,Q1,0,extension_outside_FullLoad
8000.0,10.0,Q1,1,inside_FullLoad
8000.0,20.0,Q1,1,inside_FullLoad
8000.0,30.0,Q1,1,inside_FullLoad
8000.0,40.0,Q1,1,inside_FullLoad
8000.0,50.0,Q1,1,inside_FullLoad
8000.0,60.0,Q1,0,extension_outside_FullLoad
8000.0,70.0,Q1,0,extension_outside_FullLoad
8000.0,80.0,Q1,0,extension_outside_FullLoad
8000.0,90.0,Q1,0,extension_outside_FullLoad
8000.0,100.0,Q1,0,extension_outside_FullLoad
8000.0,110.0,Q1,0,extension_outside_FullLoad
8000.0,120.0,Q1,0,extension_outside_FullLoad
8000.0,130.0,Q1,0,extension_outside_FullLoad
8000.0,140.0,Q1,0,extension_outside_FullLoad
8000.0,150.0,Q1,0,extension_outside_FullLoad
8000.0,160.0,Q1,0,extension_outside_FullLoad
8000.0,170.0,Q1,0,extension_outside_FullLoad
8000.0,180.0,Q1,0,extension_outside_FullLoad
8000.0,200.0,Q1,0,extension_outside_FullLoad
9000.0,10.0,Q1,1,inside_FullLoad
9000.0,20.0,Q1,1,inside_FullLoad
9000.0,30.0,Q1,1,inside_FullLoad
9000.0,40.0,Q1,1,inside_FullLoad
9000.0,50.0,Q1,0,extension_outside_FullLoad
9000.0,60.0,Q1,0,extension_outside_FullLoad
9000.0,70.0,Q1,0,extension_outside_FullLoad
9000.0,80.0,Q1,0,extension_outside_FullLoad
9000.0,90.0,Q1,0,extension_outside_FullLoad
9000.0,100.0,Q1,0,extension_outside_FullLoad
9000.0,110.0,Q1,0,extension_outside_FullLoad
9000.0,120.0,Q1,0,extension_outside_FullLoad
9000.0,130.0,Q1,0,extension_outside_FullLoad
9000.0,140.0,Q1,0,extension_outside_FullLoad
9000.0,150.0,Q1,0,extension_outside_FullLoad
9000.0,160.0,Q1,0,extension_outside_FullLoad
9000.0,170.0,Q1,0,extension_outside_FullLoad
9000.0,180.0,Q1,0,extension_outside_FullLoad
9000.0,200.0,Q1,0,extension_outside_FullLoad
10000.0,10.0,Q1,1,inside_FullLoad
10000.0,20.0,Q1,1,inside_FullLoad
10000.0,30.0,Q1,1,inside_FullLoad
10000.0,40.0,Q1,1,inside_FullLoad
10000.0,50.0,Q1,0,extension_outside_FullLoad
10000.0,60.0,Q1,0,extension_outside_FullLoad
10000.0,70.0,Q1,0,extension_outside_FullLoad
10000.0,80.0,Q1,0,extension_outside_FullLoad
10000.0,90.0,Q1,0,extension_outside_FullLoad
10000.0,100.0,Q1,0,extension_outside_FullLoad
10000.0,110.0,Q1,0,extension_outside_FullLoad
10000.0,120.0,Q1,0,extension_outside_FullLoad
10000.0,130.0,Q1,0,extension_outside_FullLoad
10000.0,140.0,Q1,0,extension_outside_FullLoad
10000.0,150.0,Q1,0,extension_outside_FullLoad
10000.0,160.0,Q1,0,extension_outside_FullLoad
10000.0,170.0,Q1,0,extension_outside_FullLoad
10000.0,180.0,Q1,0,extension_outside_FullLoad
10000.0,200.0,Q1,0,extension_outside_FullLoad
11000.0,10.0,Q1,1,inside_FullLoad
11000.0,20.0,Q1,1,inside_FullLoad
11000.0,30.0,Q1,1,inside_FullLoad
11000.0,40.0,Q1,0,extension_outside_FullLoad
11000.0,50.0,Q1,0,extension_outside_FullLoad
11000.0,60.0,Q1,0,extension_outside_FullLoad
11000.0,70.0,Q1,0,extension_outside_FullLoad
11000.0,80.0,Q1,0,extension_outside_FullLoad
11000.0,90.0,Q1,0,extension_outside_FullLoad
11000.0,100.0,Q1,0,extension_outside_FullLoad
11000.0,110.0,Q1,0,extension_outside_FullLoad
11000.0,120.0,Q1,0,extension_outside_FullLoad
11000.0,130.0,Q1,0,extension_outside_FullLoad
11000.0,140.0,Q1,0,extension_outside_FullLoad
11000.0,150.0,Q1,0,extension_outside_FullLoad
11000.0,160.0,Q1,0,extension_outside_FullLoad
11000.0,170.0,Q1,0,extension_outside_FullLoad
11000.0,180.0,Q1,0,extension_outside_FullLoad
11000.0,200.0,Q1,0,extension_outside_FullLoad
12000.0,10.0,Q1,1,inside_FullLoad
12000.0,20.0,Q1,1,inside_FullLoad
12000.0,30.0,Q1,1,inside_FullLoad
12000.0,40.0,Q1,0,extension_outside_FullLoad
12000.0,50.0,Q1,0,extension_outside_FullLoad
12000.0,60.0,Q1,0,extension_outside_FullLoad
12000.0,70.0,Q1,0,extension_outside_FullLoad
12000.0,80.0,Q1,0,extension_outside_FullLoad
12000.0,90.0,Q1,0,extension_outside_FullLoad
12000.0,100.0,Q1,0,extension_outside_FullLoad
12000.0,110.0,Q1,0,extension_outside_FullLoad
12000.0,120.0,Q1,0,extension_outside_FullLoad
12000.0,130.0,Q1,0,extension_outside_FullLoad
12000.0,140.0,Q1,0,extension_outside_FullLoad
12000.0,150.0,Q1,0,extension_outside_FullLoad
12000.0,160.0,Q1,0,extension_outside_FullLoad
12000.0,170.0,Q1,0,extension_outside_FullLoad
12000.0,180.0,Q1,0,extension_outside_FullLoad
12000.0,200.0,Q1,0,extension_outside_FullLoad
13000.0,10.0,Q1,1,inside_FullLoad
13000.0,20.0,Q1,1,inside_FullLoad
13000.0,30.0,Q1,0,extension_outside_FullLoad
13000.0,40.0,Q1,0,extension_outside_FullLoad
13000.0,50.0,Q1,0,extension_outside_FullLoad
13000.0,60.0,Q1,0,extension_outside_FullLoad
13000.0,70.0,Q1,0,extension_outside_FullLoad
13000.0,80.0,Q1,0,extension_outside_FullLoad
13000.0,90.0,Q1,0,extension_outside_FullLoad
13000.0,100.0,Q1,0,extension_outside_FullLoad
13000.0,110.0,Q1,0,extension_outside_FullLoad
13000.0,120.0,Q1,0,extension_outside_FullLoad
13000.0,130.0,Q1,0,extension_outside_FullLoad
13000.0,140.0,Q1,0,extension_outside_FullLoad
13000.0,150.0,Q1,0,extension_outside_FullLoad
13000.0,160.0,Q1,0,extension_outside_FullLoad
13000.0,170.0,Q1,0,extension_outside_FullLoad
13000.0,180.0,Q1,0,extension_outside_FullLoad
13000.0,200.0,Q1,0,extension_outside_FullLoad
1000.0,-200.0,Q4,1,inside_FullLoad
1000.0,-190.0,Q4,1,inside_FullLoad
1000.0,-180.0,Q4,1,inside_FullLoad
1000.0,-170.0,Q4,1,inside_FullLoad
1000.0,-160.0,Q4,1,inside_FullLoad
1000.0,-150.0,Q4,1,inside_FullLoad
1000.0,-140.0,Q4,1,inside_FullLoad
1000.0,-130.0,Q4,1,inside_FullLoad
1000.0,-120.0,Q4,1,inside_FullLoad
1000.0,-110.0,Q4,1,inside_FullLoad
1000.0,-100.0,Q4,1,inside_FullLoad
1000.0,-90.0,Q4,1,inside_FullLoad
1000.0,-80.0,Q4,1,inside_FullLoad
1000.0,-70.0,Q4,1,inside_FullLoad
1000.0,-60.0,Q4,1,inside_FullLoad
1000.0,-50.0,Q4,1,inside_FullLoad
1000.0,-40.0,Q4,1,inside_FullLoad
1000.0,-30.0,Q4,1,inside_FullLoad
1000.0,-15.0,Q4,1,inside_FullLoad
2000.0,-200.0,Q4,0,extension_outside_FullLoad
2000.0,-190.0,Q4,1,inside_FullLoad
2000.0,-180.0,Q4,1,inside_FullLoad
2000.0,-170.0,Q4,1,inside_FullLoad
2000.0,-160.0,Q4,1,inside_FullLoad
2000.0,-150.0,Q4,1,inside_FullLoad
2000.0,-140.0,Q4,1,inside_FullLoad
2000.0,-130.0,Q4,1,inside_FullLoad
2000.0,-120.0,Q4,1,inside_FullLoad
2000.0,-110.0,Q4,1,inside_FullLoad
2000.0,-100.0,Q4,1,inside_FullLoad
2000.0,-90.0,Q4,1,inside_FullLoad
2000.0,-80.0,Q4,1,inside_FullLoad
2000.0,-70.0,Q4,1,inside_FullLoad
2000.0,-60.0,Q4,1,inside_FullLoad
2000.0,-50.0,Q4,1,inside_FullLoad
2000.0,-40.0,Q4,1,inside_FullLoad
2000.0,-30.0,Q4,1,inside_FullLoad
2000.0,-15.0,Q4,1,inside_FullLoad
3000.0,-200.0,Q4,0,extension_outside_FullLoad
3000.0,-190.0,Q4,1,inside_FullLoad
3000.0,-180.0,Q4,1,inside_FullLoad
3000.0,-170.0,Q4,1,inside_FullLoad
3000.0,-160.0,Q4,1,inside_FullLoad
3000.0,-150.0,Q4,1,inside_FullLoad
3000.0,-140.0,Q4,1,inside_FullLoad
3000.0,-130.0,Q4,1,inside_FullLoad
3000.0,-120.0,Q4,1,inside_FullLoad
3000.0,-110.0,Q4,1,inside_FullLoad
3000.0,-100.0,Q4,1,inside_FullLoad
3000.0,-90.0,Q4,1,inside_FullLoad
3000.0,-80.0,Q4,1,inside_FullLoad
3000.0,-70.0,Q4,1,inside_FullLoad
3000.0,-60.0,Q4,1,inside_FullLoad
3000.0,-50.0,Q4,1,inside_FullLoad
3000.0,-40.0,Q4,1,inside_FullLoad
3000.0,-30.0,Q4,1,inside_FullLoad
3000.0,-15.0,Q4,1,inside_FullLoad
4000.0,-200.0,Q4,0,extension_outside_FullLoad
4000.0,-190.0,Q4,0,extension_outside_FullLoad
4000.0,-180.0,Q4,0,extension_outside_FullLoad
4000.0,-170.0,Q4,0,extension_outside_FullLoad
4000.0,-160.0,Q4,0,extension_outside_FullLoad
4000.0,-150.0,Q4,0,extension_outside_FullLoad
4000.0,-140.0,Q4,1,inside_FullLoad
4000.0,-130.0,Q4,1,inside_FullLoad
4000.0,-120.0,Q4,1,inside_FullLoad
4000.0,-110.0,Q4,1,inside_FullLoad
4000.0,-100.0,Q4,1,inside_FullLoad
4000.0,-90.0,Q4,1,inside_FullLoad
4000.0,-80.0,Q4,1,inside_FullLoad
4000.0,-70.0,Q4,1,inside_FullLoad
4000.0,-60.0,Q4,1,inside_FullLoad
4000.0,-50.0,Q4,1,inside_FullLoad
4000.0,-40.0,Q4,1,inside_FullLoad
4000.0,-30.0,Q4,1,inside_FullLoad
4000.0,-15.0,Q4,1,inside_FullLoad
5000.0,-200.0,Q4,0,extension_outside_FullLoad
5000.0,-190.0,Q4,0,extension_outside_FullLoad
5000.0,-180.0,Q4,0,extension_outside_FullLoad
5000.0,-170.0,Q4,0,extension_outside_FullLoad
5000.0,-160.0,Q4,0,extension_outside_FullLoad
5000.0,-150.0,Q4,0,extension_outside_FullLoad
5000.0,-140.0,Q4,0,extension_outside_FullLoad
5000.0,-130.0,Q4,0,extension_outside_FullLoad
5000.0,-120.0,Q4,0,extension_outside_FullLoad
5000.0,-110.0,Q4,0,extension_outside_FullLoad
5000.0,-100.0,Q4,1,inside_FullLoad
5000.0,-90.0,Q4,1,inside_FullLoad
5000.0,-80.0,Q4,1,inside_FullLoad
5000.0,-70.0,Q4,1,inside_FullLoad
5000.0,-60.0,Q4,1,inside_FullLoad
5000.0,-50.0,Q4,1,inside_FullLoad
5000.0,-40.0,Q4,1,inside_FullLoad
5000.0,-30.0,Q4,1,inside_FullLoad
5000.0,-15.0,Q4,1,inside_FullLoad
6000.0,-200.0,Q4,0,extension_outside_FullLoad
6000.0,-190.0,Q4,0,extension_outside_FullLoad
6000.0,-180.0,Q4,0,extension_outside_FullLoad
6000.0,-170.0,Q4,0,extension_outside_FullLoad
6000.0,-160.0,Q4,0,extension_outside_FullLoad
6000.0,-150.0,Q4,0,extension_outside_FullLoad
6000.0,-140.0,Q4,0,extension_outside_FullLoad
6000.0,-130.0,Q4,0,extension_outside_FullLoad
6000.0,-120.0,Q4,0,extension_outside_FullLoad
6000.0,-110.0,Q4,0,extension_outside_FullLoad
6000.0,-100.0,Q4,0,extension_outside_FullLoad
6000.0,-90.0,Q4,0,extension_outside_FullLoad
6000.0,-80.0,Q4,1,inside_FullLoad
6000.0,-70.0,Q4,1,inside_FullLoad
6000.0,-60.0,Q4,1,inside_FullLoad
6000.0,-50.0,Q4,1,inside_FullLoad
6000.0,-40.0,Q4,1,inside_FullLoad
6000.0,-30.0,Q4,1,inside_FullLoad
6000.0,-15.0,Q4,1,inside_FullLoad
7000.0,-200.0,Q4,0,extension_outside_FullLoad
7000.0,-190.0,Q4,0,extension_outside_FullLoad
7000.0,-180.0,Q4,0,extension_outside_FullLoad
7000.0,-170.0,Q4,0,extension_outside_FullLoad
7000.0,-160.0,Q4,0,extension_outside_FullLoad
7000.0,-150.0,Q4,0,extension_outside_FullLoad
7000.0,-140.0,Q4,0,extension_outside_FullLoad
7000.0,-130.0,Q4,0,extension_outside_FullLoad
7000.0,-120.0,Q4,0,extension_outside_FullLoad
7000.0,-110.0,Q4,0,extension_outside_FullLoad
7000.0,-100.0,Q4,0,extension_outside_FullLoad
7000.0,-90.0,Q4,0,extension_outside_FullLoad
7000.0,-80.0,Q4,0,extension_outside_FullLoad
7000.0,-70.0,Q4,0,extension_outside_FullLoad
7000.0,-60.0,Q4,1,inside_FullLoad
7000.0,-50.0,Q4,1,inside_FullLoad
7000.0,-40.0,Q4,1,inside_FullLoad
7000.0,-30.0,Q4,1,inside_FullLoad
7000.0,-15.0,Q4,1,inside_FullLoad
8000.0,-200.0,Q4,0,extension_outside_FullLoad
8000.0,-190.0,Q4,0,extension_outside_FullLoad
8000.0,-180.0,Q4,0,extension_outside_FullLoad
8000.0,-170.0,Q4,0,extension_outside_FullLoad
8000.0,-160.0,Q4,0,extension_outside_FullLoad
8000.0,-150.0,Q4,0,extension_outside_FullLoad
8000.0,-140.0,Q4,0,extension_outside_FullLoad
8000.0,-130.0,Q4,0,extension_outside_FullLoad
8000.0,-120.0,Q4,0,extension_outside_FullLoad
8000.0,-110.0,Q4,0,extension_outside_FullLoad
8000.0,-100.0,Q4,0,extension_outside_FullLoad
8000.0,-90.0,Q4,0,extension_outside_FullLoad
8000.0,-80.0,Q4,0,extension_outside_FullLoad
8000.0,-70.0,Q4,0,extension_outside_FullLoad
8000.0,-60.0,Q4,0,extension_outside_FullLoad
8000.0,-50.0,Q4,1,inside_FullLoad
8000.0,-40.0,Q4,1,inside_FullLoad
8000.0,-30.0,Q4,1,inside_FullLoad
8000.0,-15.0,Q4,1,inside_FullLoad
9000.0,-200.0,Q4,0,extension_outside_FullLoad
9000.0,-190.0,Q4,0,extension_outside_FullLoad
9000.0,-180.0,Q4,0,extension_outside_FullLoad
9000.0,-170.0,Q4,0,extension_outside_FullLoad
9000.0,-160.0,Q4,0,extension_outside_FullLoad
9000.0,-150.0,Q4,0,extension_outside_FullLoad
9000.0,-140.0,Q4,0,extension_outside_FullLoad
9000.0,-130.0,Q4,0,extension_outside_FullLoad
9000.0,-120.0,Q4,0,extension_outside_FullLoad
9000.0,-110.0,Q4,0,extension_outside_FullLoad
9000.0,-100.0,Q4,0,extension_outside_FullLoad
9000.0,-90.0,Q4,0,extension_outside_FullLoad
9000.0,-80.0,Q4,0,extension_outside_FullLoad
9000.0,-70.0,Q4,0,extension_outside_FullLoad
9000.0,-60.0,Q4,0,extension_outside_FullLoad
9000.0,-50.0,Q4,0,extension_outside_FullLoad
9000.0,-40.0,Q4,1,inside_FullLoad
9000.0,-30.0,Q4,1,inside_FullLoad
9000.0,-15.0,Q4,1,inside_FullLoad
10000.0,-200.0,Q4,0,extension_outside_FullLoad
10000.0,-190.0,Q4,0,extension_outside_FullLoad
10000.0,-180.0,Q4,0,extension_outside_FullLoad
10000.0,-170.0,Q4,0,extension_outside_FullLoad
10000.0,-160.0,Q4,0,extension_outside_FullLoad
10000.0,-150.0,Q4,0,extension_outside_FullLoad
10000.0,-140.0,Q4,0,extension_outside_FullLoad
10000.0,-130.0,Q4,0,extension_outside_FullLoad
10000.0,-120.0,Q4,0,extension_outside_FullLoad
10000.0,-110.0,Q4,0,extension_outside_FullLoad
10000.0,-100.0,Q4,0,extension_outside_FullLoad
10000.0,-90.0,Q4,0,extension_outside_FullLoad
10000.0,-80.0,Q4,0,extension_outside_FullLoad
10000.0,-70.0,Q4,0,extension_outside_FullLoad
10000.0,-60.0,Q4,0,extension_outside_FullLoad
10000.0,-50.0,Q4,0,extension_outside_FullLoad
10000.0,-40.0,Q4,1,inside_FullLoad
10000.0,-30.0,Q4,1,inside_FullLoad
10000.0,-15.0,Q4,1,inside_FullLoad
11000.0,-200.0,Q4,0,extension_outside_FullLoad
11000.0,-190.0,Q4,0,extension_outside_FullLoad
11000.0,-180.0,Q4,0,extension_outside_FullLoad
11000.0,-170.0,Q4,0,extension_outside_FullLoad
11000.0,-160.0,Q4,0,extension_outside_FullLoad
11000.0,-150.0,Q4,0,extension_outside_FullLoad
11000.0,-140.0,Q4,0,extension_outside_FullLoad
11000.0,-130.0,Q4,0,extension_outside_FullLoad
11000.0,-120.0,Q4,0,extension_outside_FullLoad
11000.0,-110.0,Q4,0,extension_outside_FullLoad
11000.0,-100.0,Q4,0,extension_outside_FullLoad
11000.0,-90.0,Q4,0,extension_outside_FullLoad
11000.0,-80.0,Q4,0,extension_outside_FullLoad
11000.0,-70.0,Q4,0,extension_outside_FullLoad
11000.0,-60.0,Q4,0,extension_outside_FullLoad
11000.0,-50.0,Q4,0,extension_outside_FullLoad
11000.0,-40.0,Q4,0,extension_outside_FullLoad
11000.0,-30.0,Q4,1,inside_FullLoad
11000.0,-15.0,Q4,1,inside_FullLoad
12000.0,-200.0,Q4,0,extension_outside_FullLoad
12000.0,-190.0,Q4,0,extension_outside_FullLoad
12000.0,-180.0,Q4,0,extension_outside_FullLoad
12000.0,-170.0,Q4,0,extension_outside_FullLoad
12000.0,-160.0,Q4,0,extension_outside_FullLoad
12000.0,-150.0,Q4,0,extension_outside_FullLoad
12000.0,-140.0,Q4,0,extension_outside_FullLoad
12000.0,-130.0,Q4,0,extension_outside_FullLoad
12000.0,-120.0,Q4,0,extension_outside_FullLoad
12000.0,-110.0,Q4,0,extension_outside_FullLoad
12000.0,-100.0,Q4,0,extension_outside_FullLoad
12000.0,-90.0,Q4,0,extension_outside_FullLoad
12000.0,-80.0,Q4,0,extension_outside_FullLoad
12000.0,-70.0,Q4,0,extension_outside_FullLoad
12000.0,-60.0,Q4,0,extension_outside_FullLoad
12000.0,-50.0,Q4,0,extension_outside_FullLoad
12000.0,-40.0,Q4,0,extension_outside_FullLoad
12000.0,-30.0,Q4,1,inside_FullLoad
12000.0,-15.0,Q4,1,inside_FullLoad
13000.0,-200.0,Q4,0,extension_outside_FullLoad
13000.0,-190.0,Q4,0,extension_outside_FullLoad
13000.0,-180.0,Q4,0,extension_outside_FullLoad
13000.0,-170.0,Q4,0,extension_outside_FullLoad
13000.0,-160.0,Q4,0,extension_outside_FullLoad
13000.0,-150.0,Q4,0,extension_outside_FullLoad
13000.0,-140.0,Q4,0,extension_outside_FullLoad
13000.0,-130.0,Q4,0,extension_outside_FullLoad
13000.0,-120.0,Q4,0,extension_outside_FullLoad
13000.0,-110.0,Q4,0,extension_outside_FullLoad
13000.0,-100.0,Q4,0,extension_outside_FullLoad
13000.0,-90.0,Q4,0,extension_outside_FullLoad
13000.0,-80.0,Q4,0,extension_outside_FullLoad
13000.0,-70.0,Q4,0,extension_outside_FullLoad
13000.0,-60.0,Q4,0,extension_outside_FullLoad
13000.0,-50.0,Q4,0,extension_outside_FullLoad
13000.0,-40.0,Q4,0,extension_outside_FullLoad
13000.0,-30.0,Q4,0,extension_outside_FullLoad
13000.0,-15.0,Q4,1,inside_FullLoad
